date,league,homeTeam,awayTeam,homeLogoUrl,awayLogoUrl,homeRecord,awayRecord,homeOdds,drawOdds,awayOdds,oddsSource,oddsStatus,oddsSourceUrl,oddsSnapshotAt,espnEventId,kickoffUtc,fixtureSource
2026-05-17,Ligue 1,Nantes,Toulouse,https://a.espncdn.com/i/teamlogos/soccer/500/165.png,https://a.espncdn.com/i/teamlogos/soccer/500/179.png,5-8-20,12-8-13,2.78,3.39,2.78,SportyTrader,Public odds fallback,https://www.sportytrader.com/en/odds/nantes-toulouse-7679427/,2026-05-29T23:21:53.513Z,746714,2026-05-17T19:00Z,ESPN public event API
2026-05-30,Allsvenskan,AIK,IK Sirius,https://a.espncdn.com/i/teamlogos/soccer/500/994.png,https://a.espncdn.com/i/teamlogos/soccer/500/8547.png,3-3-3,8-1-0,3.14,3.64,2.09,The Odds API,Live bookmaker average (8 books),https://the-odds-api.com/liveapi/guides/v4/#get-odds,2026-05-29T23:21:53.399Z,401842730,2026-05-30T13:00Z,ESPN public event API
2026-05-30,Allsvenskan,GAIS,Kalmar FF,https://a.espncdn.com/i/teamlogos/soccer/500/8222.png,https://a.espncdn.com/i/teamlogos/soccer/500/3052.png,3-3-4,3-1-5,1.86,3.47,4.06,The Odds API,Live bookmaker average (7 books),https://the-odds-api.com/liveapi/guides/v4/#get-odds,2026-05-29T23:21:53.399Z,401842735,2026-05-30T13:00Z,ESPN public event API
2026-05-30,Allsvenskan,Malmö FF,Halmstads BK,https://a.espncdn.com/i/teamlogos/soccer/500/2720.png,https://a.espncdn.com/i/teamlogos/soccer/500/3017.png,3-1-5,1-3-5,,,,ESPN public event API,Waiting for odds,https://site.api.espn.com/apis/site/v2/sports/soccer/swe.1/scoreboard?dates=20260515-20261125&limit=300,,401842732,2026-05-30T13:00Z,ESPN public event API
2026-05-30,Champions League,Paris SG,Arsenal,https://a.espncdn.com/i/teamlogos/soccer/500/160.png,https://a.espncdn.com/i/teamlogos/soccer/500/359.png,,,2.38,3.27,3.08,The Odds API,Live bookmaker average (8 books),https://the-odds-api.com/liveapi/guides/v4/#get-odds,2026-05-29T23:21:53.399Z,401862897,2026-05-30T16:00Z,ESPN public event API
2026-05-30,Eliteserien,Molde,Sandefjord,https://a.espncdn.com/i/teamlogos/soccer/500/2715.png,https://a.espncdn.com/i/teamlogos/soccer/500/3279.png,5-1-4,4-2-4,1.59,4.20,4.86,The Odds API,Live bookmaker average (8 books),https://the-odds-api.com/liveapi/guides/v4/#get-odds,2026-05-29T23:21:53.399Z,401843361,2026-05-30T14:00Z,ESPN public event API
2026-05-31,Allsvenskan,BK Häcken,Hammarby IF,https://a.espncdn.com/i/teamlogos/soccer/500/7834.png,https://a.espncdn.com/i/teamlogos/soccer/500/2495.png,4-5-0,5-2-3,,,,ESPN public event API,Waiting for odds,https://site.api.espn.com/apis/site/v2/sports/soccer/swe.1/scoreboard?dates=20260515-20261125&limit=300,,401842731,2026-05-31T12:00Z,ESPN public event API
2026-05-31,Allsvenskan,Degerfors IF,IF Brommapojkarna,https://a.espncdn.com/i/teamlogos/soccer/500/20856.png,https://a.espncdn.com/i/teamlogos/soccer/500/8221.png,2-3-4,4-2-3,2.40,3.16,2.93,The Odds API,Live bookmaker average (8 books),https://the-odds-api.com/liveapi/guides/v4/#get-odds,2026-05-29T23:21:53.400Z,401842736,2026-05-31T12:00Z,ESPN public event API
2026-05-31,Allsvenskan,Mjällby AIF,Djurgården,https://a.espncdn.com/i/teamlogos/soccer/500/20301.png,https://a.espncdn.com/i/teamlogos/soccer/500/2339.png,4-3-3,4-1-4,,,,ESPN public event API,Waiting for odds,https://site.api.espn.com/apis/site/v2/sports/soccer/swe.1/scoreboard?dates=20260515-20261125&limit=300,,401842733,2026-05-31T14:30Z,ESPN public event API
2026-05-31,Allsvenskan,Västerås SK,IFK Göteborg,https://a.espncdn.com/i/teamlogos/soccer/500/22163.png,https://a.espncdn.com/i/teamlogos/soccer/500/2556.png,3-3-3,1-4-4,,,,ESPN public event API,Waiting for odds,https://site.api.espn.com/apis/site/v2/sports/soccer/swe.1/scoreboard?dates=20260515-20261125&limit=300,,401842734,2026-05-31T12:00Z,ESPN public event API
2026-05-31,Belgian Pro League,KAA Gent,Racing Genk,https://a.espncdn.com/i/teamlogos/soccer/500/3611.png,https://a.espncdn.com/i/teamlogos/soccer/500/938.png,,,,,,ESPN public event API,Waiting for odds,https://site.api.espn.com/apis/site/v2/sports/soccer/bel.1/scoreboard?dates=20260515-20261125&limit=300,,401873711,2026-05-31T16:30Z,ESPN public event API
2026-07-03,Allsvenskan,IK Sirius,Mjällby AIF,https://a.espncdn.com/i/teamlogos/soccer/500/8547.png,https://a.espncdn.com/i/teamlogos/soccer/500/20301.png,8-1-0,4-3-3,,,,ESPN public event API,Waiting for odds,https://site.api.espn.com/apis/site/v2/sports/soccer/swe.1/scoreboard?dates=20260515-20261125&limit=300,,401842745,2026-07-03T17:00Z,ESPN public event API
2026-07-04,Allsvenskan,Degerfors IF,Malmö FF,https://a.espncdn.com/i/teamlogos/soccer/500/20856.png,https://a.espncdn.com/i/teamlogos/soccer/500/2720.png,2-3-4,3-1-5,,,,ESPN public event API,Waiting for odds,https://site.api.espn.com/apis/site/v2/sports/soccer/swe.1/scoreboard?dates=20260515-20261125&limit=300,,401842743,2026-07-04T13:00Z,ESPN public event API
2026-07-04,Allsvenskan,Halmstads BK,Västerås SK,https://a.espncdn.com/i/teamlogos/soccer/500/3017.png,https://a.espncdn.com/i/teamlogos/soccer/500/22163.png,1-3-5,3-3-3,,,,ESPN public event API,Waiting for odds,https://site.api.espn.com/apis/site/v2/sports/soccer/swe.1/scoreboard?dates=20260515-20261125&limit=300,,401842741,2026-07-04T13:00Z,ESPN public event API
2026-07-05,Allsvenskan,IF Elfsborg,Hammarby IF,https://a.espncdn.com/i/teamlogos/soccer/500/529.png,https://a.espncdn.com/i/teamlogos/soccer/500/2495.png,4-6-1,5-2-3,,,,ESPN public event API,Waiting for odds,https://site.api.espn.com/apis/site/v2/sports/soccer/swe.1/scoreboard?dates=20260515-20261125&limit=300,,401842742,2026-07-05T14:30Z,ESPN public event API
2026-07-05,Allsvenskan,IFK Göteborg,AIK,https://a.espncdn.com/i/teamlogos/soccer/500/2556.png,https://a.espncdn.com/i/teamlogos/soccer/500/994.png,1-4-4,3-3-3,,,,ESPN public event API,Waiting for odds,https://site.api.espn.com/apis/site/v2/sports/soccer/swe.1/scoreboard?dates=20260515-20261125&limit=300,,401842739,2026-07-05T12:00Z,ESPN public event API
2026-07-05,Allsvenskan,Kalmar FF,Örgryte IS,https://a.espncdn.com/i/teamlogos/soccer/500/3052.png,https://a.espncdn.com/i/teamlogos/soccer/500/131552.png,3-1-5,1-3-6,,,,ESPN public event API,Waiting for odds,https://site.api.espn.com/apis/site/v2/sports/soccer/swe.1/scoreboard?dates=20260515-20261125&limit=300,,401842738,2026-07-05T12:00Z,ESPN public event API
2026-07-06,Allsvenskan,BK Häcken,Djurgården,https://a.espncdn.com/i/teamlogos/soccer/500/7834.png,https://a.espncdn.com/i/teamlogos/soccer/500/2339.png,4-5-0,4-1-4,,,,ESPN public event API,Waiting for odds,https://site.api.espn.com/apis/site/v2/sports/soccer/swe.1/scoreboard?dates=20260515-20261125&limit=300,,401842740,2026-07-06T17:00Z,ESPN public event API
2026-07-06,Allsvenskan,IF Brommapojkarna,GAIS,https://a.espncdn.com/i/teamlogos/soccer/500/8221.png,https://a.espncdn.com/i/teamlogos/soccer/500/8222.png,4-2-3,3-3-4,,,,ESPN public event API,Waiting for odds,https://site.api.espn.com/apis/site/v2/sports/soccer/swe.1/scoreboard?dates=20260515-20261125&limit=300,,401842744,2026-07-06T17:00Z,ESPN public event API
2026-07-11,Allsvenskan,Mjällby AIF,AIK,https://a.espncdn.com/i/teamlogos/soccer/500/20301.png,https://a.espncdn.com/i/teamlogos/soccer/500/994.png,4-3-3,3-3-3,,,,ESPN public event API,Waiting for odds,https://site.api.espn.com/apis/site/v2/sports/soccer/swe.1/scoreboard?dates=20260515-20261125&limit=300,,401842747,2026-07-11T13:00Z,ESPN public event API
2026-07-11,Allsvenskan,Örgryte IS,BK Häcken,https://a.espncdn.com/i/teamlogos/soccer/500/131552.png,https://a.espncdn.com/i/teamlogos/soccer/500/7834.png,1-3-6,4-5-0,,,,ESPN public event API,Waiting for odds,https://site.api.espn.com/apis/site/v2/sports/soccer/swe.1/scoreboard?dates=20260515-20261125&limit=300,,401842753,2026-07-11T15:30Z,ESPN public event API
2026-07-11,Eliteserien,Aalesund,Molde,https://a.espncdn.com/i/teamlogos/soccer/500/3278.png,https://a.espncdn.com/i/teamlogos/soccer/500/2715.png,2-5-4,5-1-4,,,,ESPN public event API,Waiting for odds,https://site.api.espn.com/apis/site/v2/sports/soccer/nor.1/scoreboard?dates=20260515-20261125&limit=300,,401873915,2026-07-11T14:00Z,ESPN public event API
2026-07-11,Eliteserien,Fredrikstad,Lillestrom,https://a.espncdn.com/i/teamlogos/soccer/500/3039.png,https://a.espncdn.com/i/teamlogos/soccer/500/987.png,4-2-5,6-1-4,,,,ESPN public event API,Waiting for odds,https://site.api.espn.com/apis/site/v2/sports/soccer/nor.1/scoreboard?dates=20260515-20261125&limit=300,,401873906,2026-07-11T12:00Z,ESPN public event API
2026-07-11,Eliteserien,Tromso,Vålerenga,https://a.espncdn.com/i/teamlogos/soccer/500/5270.png,https://a.espncdn.com/i/teamlogos/soccer/500/2791.png,7-4-2,4-2-5,,,,ESPN public event API,Waiting for odds,https://site.api.espn.com/apis/site/v2/sports/soccer/nor.1/scoreboard?dates=20260515-20261125&limit=300,,401873909,2026-07-11T16:00Z,ESPN public event API
2026-07-12,Allsvenskan,GAIS,IF Elfsborg,https://a.espncdn.com/i/teamlogos/soccer/500/8222.png,https://a.espncdn.com/i/teamlogos/soccer/500/529.png,3-3-4,4-6-1,,,,ESPN public event API,Waiting for odds,https://site.api.espn.com/apis/site/v2/sports/soccer/swe.1/scoreboard?dates=20260515-20261125&limit=300,,401842750,2026-07-12T14:30Z,ESPN public event API
2026-07-12,Allsvenskan,Hammarby IF,Kalmar FF,https://a.espncdn.com/i/teamlogos/soccer/500/2495.png,https://a.espncdn.com/i/teamlogos/soccer/500/3052.png,5-2-3,3-1-5,,,,ESPN public event API,Waiting for odds,https://site.api.espn.com/apis/site/v2/sports/soccer/swe.1/scoreboard?dates=20260515-20261125&limit=300,,401842749,2026-07-12T12:00Z,ESPN public event API
2026-07-12,Allsvenskan,IF Brommapojkarna,IK Sirius,https://a.espncdn.com/i/teamlogos/soccer/500/8221.png,https://a.espncdn.com/i/teamlogos/soccer/500/8547.png,4-2-3,8-1-0,,,,ESPN public event API,Waiting for odds,https://site.api.espn.com/apis/site/v2/sports/soccer/swe.1/scoreboard?dates=20260515-20261125&limit=300,,401842752,2026-07-12T14:30Z,ESPN public event API
2026-07-12,Allsvenskan,Malmö FF,IFK Göteborg,https://a.espncdn.com/i/teamlogos/soccer/500/2720.png,https://a.espncdn.com/i/teamlogos/soccer/500/2556.png,3-1-5,1-4-4,,,,ESPN public event API,Waiting for odds,https://site.api.espn.com/apis/site/v2/sports/soccer/swe.1/scoreboard?dates=20260515-20261125&limit=300,,401842748,2026-07-12T12:00Z,ESPN public event API
2026-07-12,Allsvenskan,Västerås SK,Degerfors IF,https://a.espncdn.com/i/teamlogos/soccer/500/22163.png,https://a.espncdn.com/i/teamlogos/soccer/500/20856.png,3-3-3,2-3-4,,,,ESPN public event API,Waiting for odds,https://site.api.espn.com/apis/site/v2/sports/soccer/swe.1/scoreboard?dates=20260515-20261125&limit=300,,401842746,2026-07-12T12:00Z,ESPN public event API
2026-07-12,Eliteserien,KFUM Oslo,Bodo/Glimt,https://a.espncdn.com/i/teamlogos/soccer/500/22165.png,https://a.espncdn.com/i/teamlogos/soccer/500/2980.png,3-3-5,7-2-2,,,,ESPN public event API,Waiting for odds,https://site.api.espn.com/apis/site/v2/sports/soccer/nor.1/scoreboard?dates=20260515-20261125&limit=300,,401843377,2026-07-12T12:30Z,ESPN public event API
2026-07-12,Eliteserien,Rosenborg,Kristiansund BK,https://a.espncdn.com/i/teamlogos/soccer/500/438.png,https://a.espncdn.com/i/teamlogos/soccer/500/6672.png,2-3-6,3-2-6,,,,ESPN public event API,Waiting for odds,https://site.api.espn.com/apis/site/v2/sports/soccer/nor.1/scoreboard?dates=20260515-20261125&limit=300,,401843376,2026-07-12T15:00Z,ESPN public event API
2026-07-12,Eliteserien,Sandefjord,Hamarkameratene,https://a.espncdn.com/i/teamlogos/soccer/500/3279.png,https://a.espncdn.com/i/teamlogos/soccer/500/21380.png,4-2-4,5-2-3,,,,ESPN public event API,Waiting for odds,https://site.api.espn.com/apis/site/v2/sports/soccer/nor.1/scoreboard?dates=20260515-20261125&limit=300,,401843375,2026-07-12T15:00Z,ESPN public event API
2026-07-12,Eliteserien,Sarpsborg FK,Viking FK,https://a.espncdn.com/i/teamlogos/soccer/500/5002.png,https://a.espncdn.com/i/teamlogos/soccer/500/510.png,4-2-5,9-0-1,,,,ESPN public event API,Waiting for odds,https://site.api.espn.com/apis/site/v2/sports/soccer/nor.1/scoreboard?dates=20260515-20261125&limit=300,,401843374,2026-07-12T17:15Z,ESPN public event API
2026-07-12,Eliteserien,SK Brann,IK Start,https://a.espncdn.com/i/teamlogos/soccer/500/620.png,,4-1-7,1-4-7,,,,ESPN public event API,Waiting for odds,https://site.api.espn.com/apis/site/v2/sports/soccer/nor.1/scoreboard?dates=20260515-20261125&limit=300,,401843379,2026-07-12T15:00Z,ESPN public event API
2026-07-13,Allsvenskan,Djurgården,Halmstads BK,https://a.espncdn.com/i/teamlogos/soccer/500/2339.png,https://a.espncdn.com/i/teamlogos/soccer/500/3017.png,4-1-4,1-3-5,,,,ESPN public event API,Waiting for odds,https://site.api.espn.com/apis/site/v2/sports/soccer/swe.1/scoreboard?dates=20260515-20261125&limit=300,,401842751,2026-07-13T17:00Z,ESPN public event API
2026-07-16,Eliteserien,Vålerenga,Aalesund,https://a.espncdn.com/i/teamlogos/soccer/500/2791.png,https://a.espncdn.com/i/teamlogos/soccer/500/3278.png,4-2-5,2-5-4,,,,ESPN public event API,Waiting for odds,https://site.api.espn.com/apis/site/v2/sports/soccer/nor.1/scoreboard?dates=20260515-20261125&limit=300,,401873893,2026-07-16T17:00Z,ESPN public event API
2026-07-17,Allsvenskan,Mjällby AIF,Västerås SK,https://a.espncdn.com/i/teamlogos/soccer/500/20301.png,https://a.espncdn.com/i/teamlogos/soccer/500/22163.png,4-3-3,3-3-3,,,,ESPN public event API,Waiting for odds,https://site.api.espn.com/apis/site/v2/sports/soccer/swe.1/scoreboard?dates=20260515-20261125&limit=300,,401842757,2026-07-17T17:00Z,ESPN public event API
2026-07-17,Eliteserien,Bodo/Glimt,Fredrikstad,https://a.espncdn.com/i/teamlogos/soccer/500/2980.png,https://a.espncdn.com/i/teamlogos/soccer/500/3039.png,7-2-2,4-2-5,,,,ESPN public event API,Waiting for odds,https://site.api.espn.com/apis/site/v2/sports/soccer/nor.1/scoreboard?dates=20260515-20261125&limit=300,,401873917,2026-07-17T17:15Z,ESPN public event API
2026-07-18,Allsvenskan,AIK,GAIS,https://a.espncdn.com/i/teamlogos/soccer/500/994.png,https://a.espncdn.com/i/teamlogos/soccer/500/8222.png,3-3-3,3-3-4,,,,ESPN public event API,Waiting for odds,https://site.api.espn.com/apis/site/v2/sports/soccer/swe.1/scoreboard?dates=20260515-20261125&limit=300,,401842754,2026-07-18T13:00Z,ESPN public event API
2026-07-18,Eliteserien,Hamarkameratene,Tromso,https://a.espncdn.com/i/teamlogos/soccer/500/21380.png,https://a.espncdn.com/i/teamlogos/soccer/500/5270.png,5-2-3,7-4-2,,,,ESPN public event API,Waiting for odds,https://site.api.espn.com/apis/site/v2/sports/soccer/nor.1/scoreboard?dates=20260515-20261125&limit=300,,401843383,2026-07-18T12:00Z,ESPN public event API
2026-07-18,Eliteserien,IK Start,Rosenborg,,https://a.espncdn.com/i/teamlogos/soccer/500/438.png,1-4-7,2-3-6,,,,ESPN public event API,Waiting for odds,https://site.api.espn.com/apis/site/v2/sports/soccer/nor.1/scoreboard?dates=20260515-20261125&limit=300,,401843386,2026-07-18T14:00Z,ESPN public event API
2026-07-18,Eliteserien,Kristiansund BK,Sarpsborg FK,https://a.espncdn.com/i/teamlogos/soccer/500/6672.png,https://a.espncdn.com/i/teamlogos/soccer/500/5002.png,3-2-6,4-2-5,,,,ESPN public event API,Waiting for odds,https://site.api.espn.com/apis/site/v2/sports/soccer/nor.1/scoreboard?dates=20260515-20261125&limit=300,,401843389,2026-07-18T14:00Z,ESPN public event API
2026-07-18,Eliteserien,Lillestrom,KFUM Oslo,https://a.espncdn.com/i/teamlogos/soccer/500/987.png,https://a.espncdn.com/i/teamlogos/soccer/500/22165.png,6-1-4,3-3-5,,,,ESPN public event API,Waiting for odds,https://site.api.espn.com/apis/site/v2/sports/soccer/nor.1/scoreboard?dates=20260515-20261125&limit=300,,401843388,2026-07-18T14:00Z,ESPN public event API
2026-07-18,Eliteserien,Molde,SK Brann,https://a.espncdn.com/i/teamlogos/soccer/500/2715.png,https://a.espncdn.com/i/teamlogos/soccer/500/620.png,5-1-4,4-1-7,,,,ESPN public event API,Waiting for odds,https://site.api.espn.com/apis/site/v2/sports/soccer/nor.1/scoreboard?dates=20260515-20261125&limit=300,,401843387,2026-07-18T16:00Z,ESPN public event API
2026-07-18,Eliteserien,Viking FK,Sandefjord,https://a.espncdn.com/i/teamlogos/soccer/500/510.png,https://a.espncdn.com/i/teamlogos/soccer/500/3279.png,9-0-1,4-2-4,,,,ESPN public event API,Waiting for odds,https://site.api.espn.com/apis/site/v2/sports/soccer/nor.1/scoreboard?dates=20260515-20261125&limit=300,,401843385,2026-07-18T18:00Z,ESPN public event API
2026-07-19,Allsvenskan,Halmstads BK,BK Häcken,https://a.espncdn.com/i/teamlogos/soccer/500/3017.png,https://a.espncdn.com/i/teamlogos/soccer/500/7834.png,1-3-5,4-5-0,,,,ESPN public event API,Waiting for odds,https://site.api.espn.com/apis/site/v2/sports/soccer/swe.1/scoreboard?dates=20260515-20261125&limit=300,,401842761,2026-07-19T14:30Z,ESPN public event API
2026-07-19,Allsvenskan,Hammarby IF,Degerfors IF,https://a.espncdn.com/i/teamlogos/soccer/500/2495.png,https://a.espncdn.com/i/teamlogos/soccer/500/20856.png,5-2-3,2-3-4,,,,ESPN public event API,Waiting for odds,https://site.api.espn.com/apis/site/v2/sports/soccer/swe.1/scoreboard?dates=20260515-20261125&limit=300,,401842760,2026-07-19T14:30Z,ESPN public event API
2026-07-19,Allsvenskan,IF Elfsborg,IK Sirius,https://a.espncdn.com/i/teamlogos/soccer/500/529.png,https://a.espncdn.com/i/teamlogos/soccer/500/8547.png,4-6-1,8-1-0,,,,ESPN public event API,Waiting for odds,https://site.api.espn.com/apis/site/v2/sports/soccer/swe.1/scoreboard?dates=20260515-20261125&limit=300,,401842755,2026-07-19T14:30Z,ESPN public event API
2026-07-19,Allsvenskan,IFK Göteborg,IF Brommapojkarna,https://a.espncdn.com/i/teamlogos/soccer/500/2556.png,https://a.espncdn.com/i/teamlogos/soccer/500/8221.png,1-4-4,4-2-3,,,,ESPN public event API,Waiting for odds,https://site.api.espn.com/apis/site/v2/sports/soccer/swe.1/scoreboard?dates=20260515-20261125&limit=300,,401842759,2026-07-19T12:00Z,ESPN public event API
2026-07-20,Allsvenskan,Kalmar FF,Malmö FF,https://a.espncdn.com/i/teamlogos/soccer/500/3052.png,https://a.espncdn.com/i/teamlogos/soccer/500/2720.png,3-1-5,3-1-5,,,,ESPN public event API,Waiting for odds,https://site.api.espn.com/apis/site/v2/sports/soccer/swe.1/scoreboard?dates=20260515-20261125&limit=300,,401842758,2026-07-20T17:00Z,ESPN public event API
2026-07-20,Allsvenskan,Örgryte IS,Djurgården,https://a.espncdn.com/i/teamlogos/soccer/500/131552.png,https://a.espncdn.com/i/teamlogos/soccer/500/2339.png,1-3-6,4-1-4,,,,ESPN public event API,Waiting for odds,https://site.api.espn.com/apis/site/v2/sports/soccer/swe.1/scoreboard?dates=20260515-20261125&limit=300,,401842756,2026-07-20T17:00Z,ESPN public event API
2026-07-22,Eliteserien,Bodo/Glimt,Hamarkameratene,https://a.espncdn.com/i/teamlogos/soccer/500/2980.png,https://a.espncdn.com/i/teamlogos/soccer/500/21380.png,7-2-2,5-2-3,,,,ESPN public event API,Waiting for odds,https://site.api.espn.com/apis/site/v2/sports/soccer/nor.1/scoreboard?dates=20260515-20261125&limit=300,,401873902,2026-07-22T17:00Z,ESPN public event API
2026-07-22,Eliteserien,Lillestrom,Viking FK,https://a.espncdn.com/i/teamlogos/soccer/500/987.png,https://a.espncdn.com/i/teamlogos/soccer/500/510.png,6-1-4,9-0-1,3.10,3.75,2.05,The Odds API,Live bookmaker average (1 books),https://the-odds-api.com/liveapi/guides/v4/#get-odds,2026-05-29T23:21:53.400Z,401843362,2026-07-22T17:00Z,ESPN public event API
2026-07-24,Allsvenskan,Västerås SK,Örgryte IS,https://a.espncdn.com/i/teamlogos/soccer/500/22163.png,https://a.espncdn.com/i/teamlogos/soccer/500/131552.png,3-3-3,1-3-6,,,,ESPN public event API,Waiting for odds,https://site.api.espn.com/apis/site/v2/sports/soccer/swe.1/scoreboard?dates=20260515-20261125&limit=300,,401842769,2026-07-24T17:00Z,ESPN public event API
2026-07-25,Allsvenskan,Degerfors IF,Djurgården,https://a.espncdn.com/i/teamlogos/soccer/500/20856.png,https://a.espncdn.com/i/teamlogos/soccer/500/2339.png,2-3-4,4-1-4,,,,ESPN public event API,Waiting for odds,https://site.api.espn.com/apis/site/v2/sports/soccer/swe.1/scoreboard?dates=20260515-20261125&limit=300,,401842768,2026-07-25T13:00Z,ESPN public event API
2026-07-25,Allsvenskan,Kalmar FF,Mjällby AIF,https://a.espncdn.com/i/teamlogos/soccer/500/3052.png,https://a.espncdn.com/i/teamlogos/soccer/500/20301.png,3-1-5,4-3-3,,,,ESPN public event API,Waiting for odds,https://site.api.espn.com/apis/site/v2/sports/soccer/swe.1/scoreboard?dates=20260515-20261125&limit=300,,401842765,2026-07-25T15:30Z,ESPN public event API
2026-07-25,Eliteserien,Kristiansund BK,IK Start,https://a.espncdn.com/i/teamlogos/soccer/500/6672.png,,3-2-6,1-4-7,,,,ESPN public event API,Waiting for odds,https://site.api.espn.com/apis/site/v2/sports/soccer/nor.1/scoreboard?dates=20260515-20261125&limit=300,,401873924,2026-07-25T14:00Z,ESPN public event API
2026-07-26,Allsvenskan,GAIS,Halmstads BK,https://a.espncdn.com/i/teamlogos/soccer/500/8222.png,https://a.espncdn.com/i/teamlogos/soccer/500/3017.png,3-3-4,1-3-5,,,,ESPN public event API,Waiting for odds,https://site.api.espn.com/apis/site/v2/sports/soccer/swe.1/scoreboard?dates=20260515-20261125&limit=300,,401842767,2026-07-26T14:30Z,ESPN public event API
2026-07-26,Allsvenskan,IF Brommapojkarna,Hammarby IF,https://a.espncdn.com/i/teamlogos/soccer/500/8221.png,https://a.espncdn.com/i/teamlogos/soccer/500/2495.png,4-2-3,5-2-3,,,,ESPN public event API,Waiting for odds,https://site.api.espn.com/apis/site/v2/sports/soccer/swe.1/scoreboard?dates=20260515-20261125&limit=300,,401842762,2026-07-26T12:00Z,ESPN public event API
2026-07-26,Allsvenskan,IK Sirius,IFK Göteborg,https://a.espncdn.com/i/teamlogos/soccer/500/8547.png,https://a.espncdn.com/i/teamlogos/soccer/500/2556.png,8-1-0,1-4-4,,,,ESPN public event API,Waiting for odds,https://site.api.espn.com/apis/site/v2/sports/soccer/swe.1/scoreboard?dates=20260515-20261125&limit=300,,401842763,2026-07-26T12:00Z,ESPN public event API
2026-07-26,Allsvenskan,Malmö FF,IF Elfsborg,https://a.espncdn.com/i/teamlogos/soccer/500/2720.png,https://a.espncdn.com/i/teamlogos/soccer/500/529.png,3-1-5,4-6-1,,,,ESPN public event API,Waiting for odds,https://site.api.espn.com/apis/site/v2/sports/soccer/swe.1/scoreboard?dates=20260515-20261125&limit=300,,401842764,2026-07-26T14:30Z,ESPN public event API
2026-07-26,Eliteserien,Aalesund,Viking FK,https://a.espncdn.com/i/teamlogos/soccer/500/3278.png,https://a.espncdn.com/i/teamlogos/soccer/500/510.png,2-5-4,9-0-1,,,,ESPN public event API,Waiting for odds,https://site.api.espn.com/apis/site/v2/sports/soccer/nor.1/scoreboard?dates=20260515-20261125&limit=300,,401843395,2026-07-26T17:15Z,ESPN public event API
2026-07-26,Eliteserien,KFUM Oslo,Molde,https://a.espncdn.com/i/teamlogos/soccer/500/22165.png,https://a.espncdn.com/i/teamlogos/soccer/500/2715.png,3-3-5,5-1-4,,,,ESPN public event API,Waiting for odds,https://site.api.espn.com/apis/site/v2/sports/soccer/nor.1/scoreboard?dates=20260515-20261125&limit=300,,401843393,2026-07-26T15:00Z,ESPN public event API
2026-07-26,Eliteserien,Rosenborg,Fredrikstad,https://a.espncdn.com/i/teamlogos/soccer/500/438.png,https://a.espncdn.com/i/teamlogos/soccer/500/3039.png,2-3-6,4-2-5,,,,ESPN public event API,Waiting for odds,https://site.api.espn.com/apis/site/v2/sports/soccer/nor.1/scoreboard?dates=20260515-20261125&limit=300,,401843391,2026-07-26T15:00Z,ESPN public event API
2026-07-26,Eliteserien,Sandefjord,Bodo/Glimt,https://a.espncdn.com/i/teamlogos/soccer/500/3279.png,https://a.espncdn.com/i/teamlogos/soccer/500/2980.png,4-2-4,7-2-2,,,,ESPN public event API,Waiting for odds,https://site.api.espn.com/apis/site/v2/sports/soccer/nor.1/scoreboard?dates=20260515-20261125&limit=300,,401843390,2026-07-26T15:00Z,ESPN public event API
2026-07-26,Eliteserien,Sarpsborg FK,Hamarkameratene,https://a.espncdn.com/i/teamlogos/soccer/500/5002.png,https://a.espncdn.com/i/teamlogos/soccer/500/21380.png,4-2-5,5-2-3,,,,ESPN public event API,Waiting for odds,https://site.api.espn.com/apis/site/v2/sports/soccer/nor.1/scoreboard?dates=20260515-20261125&limit=300,,401843396,2026-07-26T15:00Z,ESPN public event API
2026-07-26,Eliteserien,SK Brann,Vålerenga,https://a.espncdn.com/i/teamlogos/soccer/500/620.png,https://a.espncdn.com/i/teamlogos/soccer/500/2791.png,4-1-7,4-2-5,,,,ESPN public event API,Waiting for odds,https://site.api.espn.com/apis/site/v2/sports/soccer/nor.1/scoreboard?dates=20260515-20261125&limit=300,,401843394,2026-07-26T12:30Z,ESPN public event API
2026-07-27,Allsvenskan,BK Häcken,AIK,https://a.espncdn.com/i/teamlogos/soccer/500/7834.png,https://a.espncdn.com/i/teamlogos/soccer/500/994.png,4-5-0,3-3-3,,,,ESPN public event API,Waiting for odds,https://site.api.espn.com/apis/site/v2/sports/soccer/swe.1/scoreboard?dates=20260515-20261125&limit=300,,401842766,2026-07-27T17:00Z,ESPN public event API
2026-07-31,Eliteserien,Bodo/Glimt,Lillestrom,https://a.espncdn.com/i/teamlogos/soccer/500/2980.png,https://a.espncdn.com/i/teamlogos/soccer/500/987.png,7-2-2,6-1-4,,,,ESPN public event API,Waiting for odds,https://site.api.espn.com/apis/site/v2/sports/soccer/nor.1/scoreboard?dates=20260515-20261125&limit=300,,401873907,2026-07-31T19:00Z,ESPN public event API
2026-07-31,Eliteserien,Vålerenga,Hamarkameratene,https://a.espncdn.com/i/teamlogos/soccer/500/2791.png,https://a.espncdn.com/i/teamlogos/soccer/500/21380.png,4-2-5,5-2-3,,,,ESPN public event API,Waiting for odds,https://site.api.espn.com/apis/site/v2/sports/soccer/nor.1/scoreboard?dates=20260515-20261125&limit=300,,401873908,2026-07-31T17:00Z,ESPN public event API
2026-08-01,Allsvenskan,BK Häcken,Kalmar FF,https://a.espncdn.com/i/teamlogos/soccer/500/7834.png,https://a.espncdn.com/i/teamlogos/soccer/500/3052.png,4-5-0,3-1-5,,,,ESPN public event API,Waiting for odds,https://site.api.espn.com/apis/site/v2/sports/soccer/swe.1/scoreboard?dates=20260515-20261125&limit=300,,401842776,2026-08-01T13:00Z,ESPN public event API
2026-08-01,Eliteserien,Fredrikstad,Sandefjord,https://a.espncdn.com/i/teamlogos/soccer/500/3039.png,https://a.espncdn.com/i/teamlogos/soccer/500/3279.png,4-2-5,4-2-4,,,,ESPN public event API,Waiting for odds,https://site.api.espn.com/apis/site/v2/sports/soccer/nor.1/scoreboard?dates=20260515-20261125&limit=300,,401873925,2026-08-01T14:00Z,ESPN public event API
2026-08-01,Eliteserien,IK Start,Viking FK,,https://a.espncdn.com/i/teamlogos/soccer/500/510.png,1-4-7,9-0-1,,,,ESPN public event API,Waiting for odds,https://site.api.espn.com/apis/site/v2/sports/soccer/nor.1/scoreboard?dates=20260515-20261125&limit=300,,401873931,2026-08-01T16:00Z,ESPN public event API
2026-08-02,Allsvenskan,AIK,Örgryte IS,https://a.espncdn.com/i/teamlogos/soccer/500/994.png,https://a.espncdn.com/i/teamlogos/soccer/500/131552.png,3-3-3,1-3-6,,,,ESPN public event API,Waiting for odds,https://site.api.espn.com/apis/site/v2/sports/soccer/swe.1/scoreboard?dates=20260515-20261125&limit=300,,401842770,2026-08-02T14:30Z,ESPN public event API
2026-08-02,Allsvenskan,IF Brommapojkarna,Malmö FF,https://a.espncdn.com/i/teamlogos/soccer/500/8221.png,https://a.espncdn.com/i/teamlogos/soccer/500/2720.png,4-2-3,3-1-5,,,,ESPN public event API,Waiting for odds,https://site.api.espn.com/apis/site/v2/sports/soccer/swe.1/scoreboard?dates=20260515-20261125&limit=300,,401842771,2026-08-02T12:00Z,ESPN public event API
2026-08-02,Allsvenskan,IFK Göteborg,Degerfors IF,https://a.espncdn.com/i/teamlogos/soccer/500/2556.png,https://a.espncdn.com/i/teamlogos/soccer/500/20856.png,1-4-4,2-3-4,,,,ESPN public event API,Waiting for odds,https://site.api.espn.com/apis/site/v2/sports/soccer/swe.1/scoreboard?dates=20260515-20261125&limit=300,,401842773,2026-08-02T12:00Z,ESPN public event API
2026-08-02,Eliteserien,Aalesund,Tromso,https://a.espncdn.com/i/teamlogos/soccer/500/3278.png,https://a.espncdn.com/i/teamlogos/soccer/500/5270.png,2-5-4,7-4-2,,,,ESPN public event API,Waiting for odds,https://site.api.espn.com/apis/site/v2/sports/soccer/nor.1/scoreboard?dates=20260515-20261125&limit=300,,401843402,2026-08-02T15:00Z,ESPN public event API
2026-08-02,Eliteserien,KFUM Oslo,Kristiansund BK,https://a.espncdn.com/i/teamlogos/soccer/500/22165.png,https://a.espncdn.com/i/teamlogos/soccer/500/6672.png,3-3-5,3-2-6,,,,ESPN public event API,Waiting for odds,https://site.api.espn.com/apis/site/v2/sports/soccer/nor.1/scoreboard?dates=20260515-20261125&limit=300,,401843398,2026-08-02T15:00Z,ESPN public event API
2026-08-02,Eliteserien,Molde,Sarpsborg FK,https://a.espncdn.com/i/teamlogos/soccer/500/2715.png,https://a.espncdn.com/i/teamlogos/soccer/500/5002.png,5-1-4,4-2-5,,,,ESPN public event API,Waiting for odds,https://site.api.espn.com/apis/site/v2/sports/soccer/nor.1/scoreboard?dates=20260515-20261125&limit=300,,401843397,2026-08-02T15:00Z,ESPN public event API
2026-08-02,Eliteserien,SK Brann,Rosenborg,https://a.espncdn.com/i/teamlogos/soccer/500/620.png,https://a.espncdn.com/i/teamlogos/soccer/500/438.png,4-1-7,2-3-6,,,,ESPN public event API,Waiting for odds,https://site.api.espn.com/apis/site/v2/sports/soccer/nor.1/scoreboard?dates=20260515-20261125&limit=300,,401843400,2026-08-02T17:15Z,ESPN public event API
2026-08-03,Allsvenskan,Djurgården,Västerås SK,https://a.espncdn.com/i/teamlogos/soccer/500/2339.png,https://a.espncdn.com/i/teamlogos/soccer/500/22163.png,4-1-4,3-3-3,,,,ESPN public event API,Waiting for odds,https://site.api.espn.com/apis/site/v2/sports/soccer/swe.1/scoreboard?dates=20260515-20261125&limit=300,,401842772,2026-08-03T17:00Z,ESPN public event API
2026-08-03,Allsvenskan,Halmstads BK,IK Sirius,https://a.espncdn.com/i/teamlogos/soccer/500/3017.png,https://a.espncdn.com/i/teamlogos/soccer/500/8547.png,1-3-5,8-1-0,,,,ESPN public event API,Waiting for odds,https://site.api.espn.com/apis/site/v2/sports/soccer/swe.1/scoreboard?dates=20260515-20261125&limit=300,,401842775,2026-08-03T17:00Z,ESPN public event API
2026-08-07,Eliteserien,Sandefjord,KFUM Oslo,https://a.espncdn.com/i/teamlogos/soccer/500/3279.png,https://a.espncdn.com/i/teamlogos/soccer/500/22165.png,4-2-4,3-3-5,,,,ESPN public event API,Waiting for odds,https://site.api.espn.com/apis/site/v2/sports/soccer/nor.1/scoreboard?dates=20260515-20261125&limit=300,,401873918,2026-08-07T17:00Z,ESPN public event API
2026-08-08,Allsvenskan,Mjällby AIF,IF Elfsborg,https://a.espncdn.com/i/teamlogos/soccer/500/20301.png,https://a.espncdn.com/i/teamlogos/soccer/500/529.png,4-3-3,4-6-1,,,,ESPN public event API,Waiting for odds,https://site.api.espn.com/apis/site/v2/sports/soccer/swe.1/scoreboard?dates=20260515-20261125&limit=300,,401842782,2026-08-08T15:30Z,ESPN public event API
2026-08-08,Allsvenskan,Örgryte IS,AIK,https://a.espncdn.com/i/teamlogos/soccer/500/131552.png,https://a.espncdn.com/i/teamlogos/soccer/500/994.png,1-3-6,3-3-3,,,,ESPN public event API,Waiting for odds,https://site.api.espn.com/apis/site/v2/sports/soccer/swe.1/scoreboard?dates=20260515-20261125&limit=300,,401842785,2026-08-08T13:00Z,ESPN public event API
2026-08-08,Eliteserien,Lillestrom,Rosenborg,https://a.espncdn.com/i/teamlogos/soccer/500/987.png,https://a.espncdn.com/i/teamlogos/soccer/500/438.png,6-1-4,2-3-6,,,,ESPN public event API,Waiting for odds,https://site.api.espn.com/apis/site/v2/sports/soccer/nor.1/scoreboard?dates=20260515-20261125&limit=300,,401873928,2026-08-08T16:00Z,ESPN public event API
2026-08-08,Eliteserien,Vålerenga,Bodo/Glimt,https://a.espncdn.com/i/teamlogos/soccer/500/2791.png,https://a.espncdn.com/i/teamlogos/soccer/500/2980.png,4-2-5,7-2-2,,,,ESPN public event API,Waiting for odds,https://site.api.espn.com/apis/site/v2/sports/soccer/nor.1/scoreboard?dates=20260515-20261125&limit=300,,401873916,2026-08-08T12:00Z,ESPN public event API
2026-08-08,Eliteserien,Viking FK,Sarpsborg FK,https://a.espncdn.com/i/teamlogos/soccer/500/510.png,https://a.espncdn.com/i/teamlogos/soccer/500/5002.png,9-0-1,4-2-5,,,,ESPN public event API,Waiting for odds,https://site.api.espn.com/apis/site/v2/sports/soccer/nor.1/scoreboard?dates=20260515-20261125&limit=300,,401873929,2026-08-08T14:00Z,ESPN public event API
2026-08-09,Allsvenskan,Halmstads BK,GAIS,https://a.espncdn.com/i/teamlogos/soccer/500/3017.png,https://a.espncdn.com/i/teamlogos/soccer/500/8222.png,1-3-5,3-3-4,,,,ESPN public event API,Waiting for odds,https://site.api.espn.com/apis/site/v2/sports/soccer/swe.1/scoreboard?dates=20260515-20261125&limit=300,,401842778,2026-08-09T14:30Z,ESPN public event API
2026-08-09,Allsvenskan,Hammarby IF,BK Häcken,https://a.espncdn.com/i/teamlogos/soccer/500/2495.png,https://a.espncdn.com/i/teamlogos/soccer/500/7834.png,5-2-3,4-5-0,,,,ESPN public event API,Waiting for odds,https://site.api.espn.com/apis/site/v2/sports/soccer/swe.1/scoreboard?dates=20260515-20261125&limit=300,,401842779,2026-08-09T12:00Z,ESPN public event API
2026-08-09,Allsvenskan,IFK Göteborg,Kalmar FF,https://a.espncdn.com/i/teamlogos/soccer/500/2556.png,https://a.espncdn.com/i/teamlogos/soccer/500/3052.png,1-4-4,3-1-5,,,,ESPN public event API,Waiting for odds,https://site.api.espn.com/apis/site/v2/sports/soccer/swe.1/scoreboard?dates=20260515-20261125&limit=300,,401842780,2026-08-09T14:30Z,ESPN public event API
2026-08-09,Allsvenskan,Malmö FF,Degerfors IF,https://a.espncdn.com/i/teamlogos/soccer/500/2720.png,https://a.espncdn.com/i/teamlogos/soccer/500/20856.png,3-1-5,2-3-4,,,,ESPN public event API,Waiting for odds,https://site.api.espn.com/apis/site/v2/sports/soccer/swe.1/scoreboard?dates=20260515-20261125&limit=300,,401842781,2026-08-09T12:00Z,ESPN public event API
2026-08-09,Eliteserien,Hamarkameratene,Aalesund,https://a.espncdn.com/i/teamlogos/soccer/500/21380.png,https://a.espncdn.com/i/teamlogos/soccer/500/3278.png,5-2-3,2-5-4,,,,ESPN public event API,Waiting for odds,https://site.api.espn.com/apis/site/v2/sports/soccer/nor.1/scoreboard?dates=20260515-20261125&limit=300,,401843410,2026-08-09T15:00Z,ESPN public event API
2026-08-09,Eliteserien,IK Start,Fredrikstad,,https://a.espncdn.com/i/teamlogos/soccer/500/3039.png,1-4-7,4-2-5,,,,ESPN public event API,Waiting for odds,https://site.api.espn.com/apis/site/v2/sports/soccer/nor.1/scoreboard?dates=20260515-20261125&limit=300,,401843406,2026-08-09T12:30Z,ESPN public event API
2026-08-09,Eliteserien,Kristiansund BK,Molde,https://a.espncdn.com/i/teamlogos/soccer/500/6672.png,https://a.espncdn.com/i/teamlogos/soccer/500/2715.png,3-2-6,5-1-4,,,,ESPN public event API,Waiting for odds,https://site.api.espn.com/apis/site/v2/sports/soccer/nor.1/scoreboard?dates=20260515-20261125&limit=300,,401843409,2026-08-09T17:15Z,ESPN public event API
2026-08-10,Allsvenskan,IK Sirius,IF Brommapojkarna,https://a.espncdn.com/i/teamlogos/soccer/500/8547.png,https://a.espncdn.com/i/teamlogos/soccer/500/8221.png,8-1-0,4-2-3,,,,ESPN public event API,Waiting for odds,https://site.api.espn.com/apis/site/v2/sports/soccer/swe.1/scoreboard?dates=20260515-20261125&limit=300,,401842783,2026-08-10T17:00Z,ESPN public event API
2026-08-10,Allsvenskan,Västerås SK,Djurgården,https://a.espncdn.com/i/teamlogos/soccer/500/22163.png,https://a.espncdn.com/i/teamlogos/soccer/500/2339.png,3-3-3,4-1-4,,,,ESPN public event API,Waiting for odds,https://site.api.espn.com/apis/site/v2/sports/soccer/swe.1/scoreboard?dates=20260515-20261125&limit=300,,401842784,2026-08-10T17:00Z,ESPN public event API
2026-08-12,UEFA Super Cup,TBD,Aston Villa,,https://a.espncdn.com/i/teamlogos/soccer/500/362.png,,,,,,ESPN public event API,Waiting for odds,https://site.api.espn.com/apis/site/v2/sports/soccer/uefa.super_cup/scoreboard?dates=20260515-20261125&limit=300,,401873624,2026-08-12T19:00Z,ESPN public event API
2026-08-14,Allsvenskan,IF Elfsborg,Västerås SK,https://a.espncdn.com/i/teamlogos/soccer/500/529.png,https://a.espncdn.com/i/teamlogos/soccer/500/22163.png,4-6-1,3-3-3,,,,ESPN public event API,Waiting for odds,https://site.api.espn.com/apis/site/v2/sports/soccer/swe.1/scoreboard?dates=20260515-20261125&limit=300,,401842789,2026-08-14T17:00Z,ESPN public event API
2026-08-14,Eliteserien,Rosenborg,Viking FK,https://a.espncdn.com/i/teamlogos/soccer/500/438.png,https://a.espncdn.com/i/teamlogos/soccer/500/510.png,2-3-6,9-0-1,,,,ESPN public event API,Waiting for odds,https://site.api.espn.com/apis/site/v2/sports/soccer/nor.1/scoreboard?dates=20260515-20261125&limit=300,,401873930,2026-08-14T17:00Z,ESPN public event API
2026-08-15,Allsvenskan,Mjällby AIF,IK Sirius,https://a.espncdn.com/i/teamlogos/soccer/500/20301.png,https://a.espncdn.com/i/teamlogos/soccer/500/8547.png,4-3-3,8-1-0,,,,ESPN public event API,Waiting for odds,https://site.api.espn.com/apis/site/v2/sports/soccer/swe.1/scoreboard?dates=20260515-20261125&limit=300,,401842793,2026-08-15T13:00Z,ESPN public event API
2026-08-15,Eliteserien,KFUM Oslo,Lillestrom,https://a.espncdn.com/i/teamlogos/soccer/500/22165.png,https://a.espncdn.com/i/teamlogos/soccer/500/987.png,3-3-5,6-1-4,,,,ESPN public event API,Waiting for odds,https://site.api.espn.com/apis/site/v2/sports/soccer/nor.1/scoreboard?dates=20260515-20261125&limit=300,,401873910,2026-08-15T14:00Z,ESPN public event API
2026-08-16,Allsvenskan,Degerfors IF,IFK Göteborg,https://a.espncdn.com/i/teamlogos/soccer/500/20856.png,https://a.espncdn.com/i/teamlogos/soccer/500/2556.png,2-3-4,1-4-4,,,,ESPN public event API,Waiting for odds,https://site.api.espn.com/apis/site/v2/sports/soccer/swe.1/scoreboard?dates=20260515-20261125&limit=300,,401842787,2026-08-16T12:00Z,ESPN public event API
2026-08-16,Allsvenskan,Djurgården,AIK,https://a.espncdn.com/i/teamlogos/soccer/500/2339.png,https://a.espncdn.com/i/teamlogos/soccer/500/994.png,4-1-4,3-3-3,,,,ESPN public event API,Waiting for odds,https://site.api.espn.com/apis/site/v2/sports/soccer/swe.1/scoreboard?dates=20260515-20261125&limit=300,,401842786,2026-08-16T12:00Z,ESPN public event API
2026-08-16,Allsvenskan,GAIS,Malmö FF,https://a.espncdn.com/i/teamlogos/soccer/500/8222.png,https://a.espncdn.com/i/teamlogos/soccer/500/2720.png,3-3-4,3-1-5,,,,ESPN public event API,Waiting for odds,https://site.api.espn.com/apis/site/v2/sports/soccer/swe.1/scoreboard?dates=20260515-20261125&limit=300,,401842790,2026-08-16T14:30Z,ESPN public event API
2026-08-16,Allsvenskan,IF Brommapojkarna,Örgryte IS,https://a.espncdn.com/i/teamlogos/soccer/500/8221.png,https://a.espncdn.com/i/teamlogos/soccer/500/131552.png,4-2-3,1-3-6,,,,ESPN public event API,Waiting for odds,https://site.api.espn.com/apis/site/v2/sports/soccer/swe.1/scoreboard?dates=20260515-20261125&limit=300,,401842788,2026-08-16T12:00Z,ESPN public event API
2026-08-16,Allsvenskan,Kalmar FF,Hammarby IF,https://a.espncdn.com/i/teamlogos/soccer/500/3052.png,https://a.espncdn.com/i/teamlogos/soccer/500/2495.png,3-1-5,5-2-3,,,,ESPN public event API,Waiting for odds,https://site.api.espn.com/apis/site/v2/sports/soccer/swe.1/scoreboard?dates=20260515-20261125&limit=300,,401842792,2026-08-16T14:30Z,ESPN public event API
2026-08-16,Eliteserien,Aalesund,Vålerenga,https://a.espncdn.com/i/teamlogos/soccer/500/3278.png,https://a.espncdn.com/i/teamlogos/soccer/500/2791.png,2-5-4,4-2-5,,,,ESPN public event API,Waiting for odds,https://site.api.espn.com/apis/site/v2/sports/soccer/nor.1/scoreboard?dates=20260515-20261125&limit=300,,401843418,2026-08-16T12:30Z,ESPN public event API
2026-08-16,Eliteserien,Fredrikstad,Kristiansund BK,https://a.espncdn.com/i/teamlogos/soccer/500/3039.png,https://a.espncdn.com/i/teamlogos/soccer/500/6672.png,4-2-5,3-2-6,,,,ESPN public event API,Waiting for odds,https://site.api.espn.com/apis/site/v2/sports/soccer/nor.1/scoreboard?dates=20260515-20261125&limit=300,,401843416,2026-08-16T17:15Z,ESPN public event API
2026-08-16,Eliteserien,Molde,Tromso,https://a.espncdn.com/i/teamlogos/soccer/500/2715.png,https://a.espncdn.com/i/teamlogos/soccer/500/5270.png,5-1-4,7-4-2,,,,ESPN public event API,Waiting for odds,https://site.api.espn.com/apis/site/v2/sports/soccer/nor.1/scoreboard?dates=20260515-20261125&limit=300,,401843414,2026-08-16T15:00Z,ESPN public event API
2026-08-16,Eliteserien,Sarpsborg FK,Sandefjord,https://a.espncdn.com/i/teamlogos/soccer/500/5002.png,https://a.espncdn.com/i/teamlogos/soccer/500/3279.png,4-2-5,4-2-4,,,,ESPN public event API,Waiting for odds,https://site.api.espn.com/apis/site/v2/sports/soccer/nor.1/scoreboard?dates=20260515-20261125&limit=300,,401843412,2026-08-16T15:00Z,ESPN public event API
2026-08-16,Eliteserien,SK Brann,Hamarkameratene,https://a.espncdn.com/i/teamlogos/soccer/500/620.png,https://a.espncdn.com/i/teamlogos/soccer/500/21380.png,4-1-7,5-2-3,,,,ESPN public event API,Waiting for odds,https://site.api.espn.com/apis/site/v2/sports/soccer/nor.1/scoreboard?dates=20260515-20261125&limit=300,,401843417,2026-08-16T15:00Z,ESPN public event API
2026-08-17,Allsvenskan,BK Häcken,Halmstads BK,https://a.espncdn.com/i/teamlogos/soccer/500/7834.png,https://a.espncdn.com/i/teamlogos/soccer/500/3017.png,4-5-0,1-3-5,,,,ESPN public event API,Waiting for odds,https://site.api.espn.com/apis/site/v2/sports/soccer/swe.1/scoreboard?dates=20260515-20261125&limit=300,,401842791,2026-08-17T17:00Z,ESPN public event API
2026-08-21,Allsvenskan,IK Sirius,BK Häcken,https://a.espncdn.com/i/teamlogos/soccer/500/8547.png,https://a.espncdn.com/i/teamlogos/soccer/500/7834.png,8-1-0,4-5-0,,,,ESPN public event API,Waiting for odds,https://site.api.espn.com/apis/site/v2/sports/soccer/swe.1/scoreboard?dates=20260515-20261125&limit=300,,401873989,2026-08-21T17:00Z,ESPN public event API
2026-08-22,Allsvenskan,Örgryte IS,Halmstads BK,https://a.espncdn.com/i/teamlogos/soccer/500/131552.png,https://a.espncdn.com/i/teamlogos/soccer/500/3017.png,1-3-6,1-3-5,,,,ESPN public event API,Waiting for odds,https://site.api.espn.com/apis/site/v2/sports/soccer/swe.1/scoreboard?dates=20260515-20261125&limit=300,,401842798,2026-08-22T13:00Z,ESPN public event API
2026-08-23,Allsvenskan,AIK,Mjällby AIF,https://a.espncdn.com/i/teamlogos/soccer/500/994.png,https://a.espncdn.com/i/teamlogos/soccer/500/20301.png,3-3-3,4-3-3,,,,ESPN public event API,Waiting for odds,https://site.api.espn.com/apis/site/v2/sports/soccer/swe.1/scoreboard?dates=20260515-20261125&limit=300,,401842796,2026-08-23T04:00Z,ESPN public event API
2026-08-23,Allsvenskan,Hammarby IF,GAIS,https://a.espncdn.com/i/teamlogos/soccer/500/2495.png,https://a.espncdn.com/i/teamlogos/soccer/500/8222.png,5-2-3,3-3-4,,,,ESPN public event API,Waiting for odds,https://site.api.espn.com/apis/site/v2/sports/soccer/swe.1/scoreboard?dates=20260515-20261125&limit=300,,401842794,2026-08-23T14:30Z,ESPN public event API
2026-08-23,Allsvenskan,IF Brommapojkarna,Degerfors IF,https://a.espncdn.com/i/teamlogos/soccer/500/8221.png,https://a.espncdn.com/i/teamlogos/soccer/500/20856.png,4-2-3,2-3-4,,,,ESPN public event API,Waiting for odds,https://site.api.espn.com/apis/site/v2/sports/soccer/swe.1/scoreboard?dates=20260515-20261125&limit=300,,401842795,2026-08-23T14:30Z,ESPN public event API
2026-08-23,Allsvenskan,IFK Göteborg,IF Elfsborg,https://a.espncdn.com/i/teamlogos/soccer/500/2556.png,https://a.espncdn.com/i/teamlogos/soccer/500/529.png,1-4-4,4-6-1,,,,ESPN public event API,Waiting for odds,https://site.api.espn.com/apis/site/v2/sports/soccer/swe.1/scoreboard?dates=20260515-20261125&limit=300,,401842797,2026-08-23T12:00Z,ESPN public event API
2026-08-23,Allsvenskan,Malmö FF,Djurgården,https://a.espncdn.com/i/teamlogos/soccer/500/2720.png,https://a.espncdn.com/i/teamlogos/soccer/500/2339.png,3-1-5,4-1-4,,,,ESPN public event API,Waiting for odds,https://site.api.espn.com/apis/site/v2/sports/soccer/swe.1/scoreboard?dates=20260515-20261125&limit=300,,401842801,2026-08-23T04:00Z,ESPN public event API
2026-08-23,Allsvenskan,Västerås SK,Kalmar FF,https://a.espncdn.com/i/teamlogos/soccer/500/22163.png,https://a.espncdn.com/i/teamlogos/soccer/500/3052.png,3-3-3,3-1-5,,,,ESPN public event API,Waiting for odds,https://site.api.espn.com/apis/site/v2/sports/soccer/swe.1/scoreboard?dates=20260515-20261125&limit=300,,401842799,2026-08-23T12:00Z,ESPN public event API
2026-08-29,Allsvenskan,BK Häcken,Västerås SK,https://a.espncdn.com/i/teamlogos/soccer/500/7834.png,https://a.espncdn.com/i/teamlogos/soccer/500/22163.png,4-5-0,3-3-3,,,,ESPN public event API,Waiting for odds,https://site.api.espn.com/apis/site/v2/sports/soccer/swe.1/scoreboard?dates=20260515-20261125&limit=300,,401842806,2026-08-29T13:00Z,ESPN public event API
2026-08-29,Allsvenskan,Halmstads BK,Kalmar FF,https://a.espncdn.com/i/teamlogos/soccer/500/3017.png,https://a.espncdn.com/i/teamlogos/soccer/500/3052.png,1-3-5,3-1-5,,,,ESPN public event API,Waiting for odds,https://site.api.espn.com/apis/site/v2/sports/soccer/swe.1/scoreboard?dates=20260515-20261125&limit=300,,401842807,2026-08-29T15:30Z,ESPN public event API
2026-08-29,Allsvenskan,IF Elfsborg,Degerfors IF,https://a.espncdn.com/i/teamlogos/soccer/500/529.png,https://a.espncdn.com/i/teamlogos/soccer/500/20856.png,4-6-1,2-3-4,,,,ESPN public event API,Waiting for odds,https://site.api.espn.com/apis/site/v2/sports/soccer/swe.1/scoreboard?dates=20260515-20261125&limit=300,,401842804,2026-08-29T13:00Z,ESPN public event API
2026-08-29,Eliteserien,Vålerenga,Molde,https://a.espncdn.com/i/teamlogos/soccer/500/2791.png,https://a.espncdn.com/i/teamlogos/soccer/500/2715.png,4-2-5,5-1-4,,,,ESPN public event API,Waiting for odds,https://site.api.espn.com/apis/site/v2/sports/soccer/nor.1/scoreboard?dates=20260515-20261125&limit=300,,401873904,2026-08-29T14:00Z,ESPN public event API
2026-08-29,Eliteserien,Viking FK,Aalesund,https://a.espncdn.com/i/teamlogos/soccer/500/510.png,https://a.espncdn.com/i/teamlogos/soccer/500/3278.png,9-0-1,2-5-4,,,,ESPN public event API,Waiting for odds,https://site.api.espn.com/apis/site/v2/sports/soccer/nor.1/scoreboard?dates=20260515-20261125&limit=300,,401873919,2026-08-29T16:00Z,ESPN public event API
2026-08-30,Allsvenskan,AIK,Hammarby IF,https://a.espncdn.com/i/teamlogos/soccer/500/994.png,https://a.espncdn.com/i/teamlogos/soccer/500/2495.png,3-3-3,5-2-3,,,,ESPN public event API,Waiting for odds,https://site.api.espn.com/apis/site/v2/sports/soccer/swe.1/scoreboard?dates=20260515-20261125&limit=300,,401842802,2026-08-30T12:00Z,ESPN public event API
2026-08-30,Allsvenskan,Djurgården,Mjällby AIF,https://a.espncdn.com/i/teamlogos/soccer/500/2339.png,https://a.espncdn.com/i/teamlogos/soccer/500/20301.png,4-1-4,4-3-3,,,,ESPN public event API,Waiting for odds,https://site.api.espn.com/apis/site/v2/sports/soccer/swe.1/scoreboard?dates=20260515-20261125&limit=300,,401842803,2026-08-30T04:00Z,ESPN public event API
2026-08-30,Allsvenskan,GAIS,IF Brommapojkarna,https://a.espncdn.com/i/teamlogos/soccer/500/8222.png,https://a.espncdn.com/i/teamlogos/soccer/500/8221.png,3-3-4,4-2-3,,,,ESPN public event API,Waiting for odds,https://site.api.espn.com/apis/site/v2/sports/soccer/swe.1/scoreboard?dates=20260515-20261125&limit=300,,401842808,2026-08-30T04:00Z,ESPN public event API
2026-08-30,Allsvenskan,IFK Göteborg,Örgryte IS,https://a.espncdn.com/i/teamlogos/soccer/500/2556.png,https://a.espncdn.com/i/teamlogos/soccer/500/131552.png,1-4-4,1-3-6,,,,ESPN public event API,Waiting for odds,https://site.api.espn.com/apis/site/v2/sports/soccer/swe.1/scoreboard?dates=20260515-20261125&limit=300,,401842805,2026-08-30T14:30Z,ESPN public event API
2026-08-30,Allsvenskan,IK Sirius,Malmö FF,https://a.espncdn.com/i/teamlogos/soccer/500/8547.png,https://a.espncdn.com/i/teamlogos/soccer/500/2720.png,8-1-0,3-1-5,,,,ESPN public event API,Waiting for odds,https://site.api.espn.com/apis/site/v2/sports/soccer/swe.1/scoreboard?dates=20260515-20261125&limit=300,,401842809,2026-08-30T04:00Z,ESPN public event API
2026-08-30,Eliteserien,Bodo/Glimt,Rosenborg,https://a.espncdn.com/i/teamlogos/soccer/500/2980.png,https://a.espncdn.com/i/teamlogos/soccer/500/438.png,7-2-2,2-3-6,,,,ESPN public event API,Waiting for odds,https://site.api.espn.com/apis/site/v2/sports/soccer/nor.1/scoreboard?dates=20260515-20261125&limit=300,,401843426,2026-08-30T12:30Z,ESPN public event API
2026-08-30,Eliteserien,Hamarkameratene,Kristiansund BK,https://a.espncdn.com/i/teamlogos/soccer/500/21380.png,https://a.espncdn.com/i/teamlogos/soccer/500/6672.png,5-2-3,3-2-6,,,,ESPN public event API,Waiting for odds,https://site.api.espn.com/apis/site/v2/sports/soccer/nor.1/scoreboard?dates=20260515-20261125&limit=300,,401843424,2026-08-30T15:00Z,ESPN public event API
2026-08-30,Eliteserien,IK Start,KFUM Oslo,,https://a.espncdn.com/i/teamlogos/soccer/500/22165.png,1-4-7,3-3-5,,,,ESPN public event API,Waiting for odds,https://site.api.espn.com/apis/site/v2/sports/soccer/nor.1/scoreboard?dates=20260515-20261125&limit=300,,401843421,2026-08-30T15:00Z,ESPN public event API
2026-08-30,Eliteserien,Lillestrom,Fredrikstad,https://a.espncdn.com/i/teamlogos/soccer/500/987.png,https://a.espncdn.com/i/teamlogos/soccer/500/3039.png,6-1-4,4-2-5,,,,ESPN public event API,Waiting for odds,https://site.api.espn.com/apis/site/v2/sports/soccer/nor.1/scoreboard?dates=20260515-20261125&limit=300,,401843423,2026-08-30T17:15Z,ESPN public event API
2026-08-30,Eliteserien,Sandefjord,SK Brann,https://a.espncdn.com/i/teamlogos/soccer/500/3279.png,https://a.espncdn.com/i/teamlogos/soccer/500/620.png,4-2-4,4-1-7,,,,ESPN public event API,Waiting for odds,https://site.api.espn.com/apis/site/v2/sports/soccer/nor.1/scoreboard?dates=20260515-20261125&limit=300,,401843422,2026-08-30T15:00Z,ESPN public event API
2026-08-30,Eliteserien,Tromso,Sarpsborg FK,https://a.espncdn.com/i/teamlogos/soccer/500/5270.png,https://a.espncdn.com/i/teamlogos/soccer/500/5002.png,7-4-2,4-2-5,,,,ESPN public event API,Waiting for odds,https://site.api.espn.com/apis/site/v2/sports/soccer/nor.1/scoreboard?dates=20260515-20261125&limit=300,,401843420,2026-08-30T15:00Z,ESPN public event API
2026-09-02,Eliteserien,Bodo/Glimt,Hamarkameratene,https://a.espncdn.com/i/teamlogos/soccer/500/2980.png,https://a.espncdn.com/i/teamlogos/soccer/500/21380.png,7-2-2,5-2-3,,,,ESPN public event API,Waiting for odds,https://site.api.espn.com/apis/site/v2/sports/soccer/nor.1/scoreboard?dates=20260515-20261125&limit=300,,401843290,2026-09-02T16:00Z,ESPN public event API
2026-09-03,Allsvenskan,Mjällby AIF,Djurgården,https://a.espncdn.com/i/teamlogos/soccer/500/20301.png,https://a.espncdn.com/i/teamlogos/soccer/500/2339.png,4-3-3,4-1-4,,,,ESPN public event API,Waiting for odds,https://site.api.espn.com/apis/site/v2/sports/soccer/swe.1/scoreboard?dates=20260515-20261125&limit=300,,401874077,2026-09-03T17:00Z,ESPN public event API
2026-09-04,Eliteserien,Fredrikstad,Bodo/Glimt,https://a.espncdn.com/i/teamlogos/soccer/500/3039.png,https://a.espncdn.com/i/teamlogos/soccer/500/2980.png,4-2-5,7-2-2,,,,ESPN public event API,Waiting for odds,https://site.api.espn.com/apis/site/v2/sports/soccer/nor.1/scoreboard?dates=20260515-20261125&limit=300,,401873921,2026-09-04T17:00Z,ESPN public event API
2026-09-04,Eliteserien,Sandefjord,Viking FK,https://a.espncdn.com/i/teamlogos/soccer/500/3279.png,https://a.espncdn.com/i/teamlogos/soccer/500/510.png,4-2-4,9-0-1,,,,ESPN public event API,Waiting for odds,https://site.api.espn.com/apis/site/v2/sports/soccer/nor.1/scoreboard?dates=20260515-20261125&limit=300,,401873920,2026-09-04T19:00Z,ESPN public event API
2026-09-05,Allsvenskan,Degerfors IF,Halmstads BK,https://a.espncdn.com/i/teamlogos/soccer/500/20856.png,https://a.espncdn.com/i/teamlogos/soccer/500/3017.png,2-3-4,1-3-5,,,,ESPN public event API,Waiting for odds,https://site.api.espn.com/apis/site/v2/sports/soccer/swe.1/scoreboard?dates=20260515-20261125&limit=300,,401842811,2026-09-05T13:00Z,ESPN public event API
2026-09-05,Allsvenskan,GAIS,BK Häcken,https://a.espncdn.com/i/teamlogos/soccer/500/8222.png,https://a.espncdn.com/i/teamlogos/soccer/500/7834.png,3-3-4,4-5-0,,,,ESPN public event API,Waiting for odds,https://site.api.espn.com/apis/site/v2/sports/soccer/swe.1/scoreboard?dates=20260515-20261125&limit=300,,401842810,2026-09-05T13:00Z,ESPN public event API
2026-09-05,Allsvenskan,Västerås SK,IK Sirius,https://a.espncdn.com/i/teamlogos/soccer/500/22163.png,https://a.espncdn.com/i/teamlogos/soccer/500/8547.png,3-3-3,8-1-0,,,,ESPN public event API,Waiting for odds,https://site.api.espn.com/apis/site/v2/sports/soccer/swe.1/scoreboard?dates=20260515-20261125&limit=300,,401842816,2026-09-05T15:30Z,ESPN public event API
2026-09-05,Eliteserien,Rosenborg,Hamarkameratene,https://a.espncdn.com/i/teamlogos/soccer/500/438.png,https://a.espncdn.com/i/teamlogos/soccer/500/21380.png,2-3-6,5-2-3,,,,ESPN public event API,Waiting for odds,https://site.api.espn.com/apis/site/v2/sports/soccer/nor.1/scoreboard?dates=20260515-20261125&limit=300,,401873923,2026-09-05T14:00Z,ESPN public event API
2026-09-05,Eliteserien,SK Brann,Lillestrom,https://a.espncdn.com/i/teamlogos/soccer/500/620.png,https://a.espncdn.com/i/teamlogos/soccer/500/987.png,4-1-7,6-1-4,,,,ESPN public event API,Waiting for odds,https://site.api.espn.com/apis/site/v2/sports/soccer/nor.1/scoreboard?dates=20260515-20261125&limit=300,,401873914,2026-09-05T16:00Z,ESPN public event API
2026-09-06,Allsvenskan,IF Brommapojkarna,IF Elfsborg,https://a.espncdn.com/i/teamlogos/soccer/500/8221.png,https://a.espncdn.com/i/teamlogos/soccer/500/529.png,4-2-3,4-6-1,,,,ESPN public event API,Waiting for odds,https://site.api.espn.com/apis/site/v2/sports/soccer/swe.1/scoreboard?dates=20260515-20261125&limit=300,,401842812,2026-09-06T14:30Z,ESPN public event API
2026-09-06,Allsvenskan,Kalmar FF,Djurgården,https://a.espncdn.com/i/teamlogos/soccer/500/3052.png,https://a.espncdn.com/i/teamlogos/soccer/500/2339.png,3-1-5,4-1-4,,,,ESPN public event API,Waiting for odds,https://site.api.espn.com/apis/site/v2/sports/soccer/swe.1/scoreboard?dates=20260515-20261125&limit=300,,401842813,2026-09-06T04:00Z,ESPN public event API
2026-09-06,Allsvenskan,Malmö FF,AIK,https://a.espncdn.com/i/teamlogos/soccer/500/2720.png,https://a.espncdn.com/i/teamlogos/soccer/500/994.png,3-1-5,3-3-3,,,,ESPN public event API,Waiting for odds,https://site.api.espn.com/apis/site/v2/sports/soccer/swe.1/scoreboard?dates=20260515-20261125&limit=300,,401842814,2026-09-06T04:00Z,ESPN public event API
2026-09-06,Allsvenskan,Mjällby AIF,IFK Göteborg,https://a.espncdn.com/i/teamlogos/soccer/500/20301.png,https://a.espncdn.com/i/teamlogos/soccer/500/2556.png,4-3-3,1-4-4,,,,ESPN public event API,Waiting for odds,https://site.api.espn.com/apis/site/v2/sports/soccer/swe.1/scoreboard?dates=20260515-20261125&limit=300,,401842815,2026-09-06T04:00Z,ESPN public event API
2026-09-06,Allsvenskan,Örgryte IS,Hammarby IF,https://a.espncdn.com/i/teamlogos/soccer/500/131552.png,https://a.espncdn.com/i/teamlogos/soccer/500/2495.png,1-3-6,5-2-3,,,,ESPN public event API,Waiting for odds,https://site.api.espn.com/apis/site/v2/sports/soccer/swe.1/scoreboard?dates=20260515-20261125&limit=300,,401842817,2026-09-06T12:00Z,ESPN public event API
2026-09-06,Eliteserien,Aalesund,IK Start,https://a.espncdn.com/i/teamlogos/soccer/500/3278.png,,2-5-4,1-4-7,,,,ESPN public event API,Waiting for odds,https://site.api.espn.com/apis/site/v2/sports/soccer/nor.1/scoreboard?dates=20260515-20261125&limit=300,,401843427,2026-09-06T15:00Z,ESPN public event API
2026-09-06,Eliteserien,Kristiansund BK,Tromso,https://a.espncdn.com/i/teamlogos/soccer/500/6672.png,https://a.espncdn.com/i/teamlogos/soccer/500/5270.png,3-2-6,7-4-2,,,,ESPN public event API,Waiting for odds,https://site.api.espn.com/apis/site/v2/sports/soccer/nor.1/scoreboard?dates=20260515-20261125&limit=300,,401843430,2026-09-06T17:15Z,ESPN public event API
2026-09-06,Eliteserien,Molde,KFUM Oslo,https://a.espncdn.com/i/teamlogos/soccer/500/2715.png,https://a.espncdn.com/i/teamlogos/soccer/500/22165.png,5-1-4,3-3-5,,,,ESPN public event API,Waiting for odds,https://site.api.espn.com/apis/site/v2/sports/soccer/nor.1/scoreboard?dates=20260515-20261125&limit=300,,401843431,2026-09-06T15:00Z,ESPN public event API
2026-09-06,Eliteserien,Sarpsborg FK,Vålerenga,https://a.espncdn.com/i/teamlogos/soccer/500/5002.png,https://a.espncdn.com/i/teamlogos/soccer/500/2791.png,4-2-5,4-2-5,,,,ESPN public event API,Waiting for odds,https://site.api.espn.com/apis/site/v2/sports/soccer/nor.1/scoreboard?dates=20260515-20261125&limit=300,,401843434,2026-09-06T15:00Z,ESPN public event API
2026-09-11,Allsvenskan,BK Häcken,Mjällby AIF,https://a.espncdn.com/i/teamlogos/soccer/500/7834.png,https://a.espncdn.com/i/teamlogos/soccer/500/20301.png,4-5-0,4-3-3,,,,ESPN public event API,Waiting for odds,https://site.api.espn.com/apis/site/v2/sports/soccer/swe.1/scoreboard?dates=20260515-20261125&limit=300,,401874082,2026-09-11T17:00Z,ESPN public event API
2026-09-12,Allsvenskan,AIK,Västerås SK,https://a.espncdn.com/i/teamlogos/soccer/500/994.png,https://a.espncdn.com/i/teamlogos/soccer/500/22163.png,3-3-3,3-3-3,,,,ESPN public event API,Waiting for odds,https://site.api.espn.com/apis/site/v2/sports/soccer/swe.1/scoreboard?dates=20260515-20261125&limit=300,,401842820,2026-09-12T13:00Z,ESPN public event API
2026-09-12,Allsvenskan,IFK Göteborg,Halmstads BK,https://a.espncdn.com/i/teamlogos/soccer/500/2556.png,https://a.espncdn.com/i/teamlogos/soccer/500/3017.png,1-4-4,1-3-5,,,,ESPN public event API,Waiting for odds,https://site.api.espn.com/apis/site/v2/sports/soccer/swe.1/scoreboard?dates=20260515-20261125&limit=300,,401842824,2026-09-12T15:30Z,ESPN public event API
2026-09-12,Eliteserien,Lillestrom,Vålerenga,https://a.espncdn.com/i/teamlogos/soccer/500/987.png,https://a.espncdn.com/i/teamlogos/soccer/500/2791.png,6-1-4,4-2-5,,,,ESPN public event API,Waiting for odds,https://site.api.espn.com/apis/site/v2/sports/soccer/nor.1/scoreboard?dates=20260515-20261125&limit=300,,401873905,2026-09-12T14:00Z,ESPN public event API
2026-09-12,Eliteserien,Rosenborg,Tromso,https://a.espncdn.com/i/teamlogos/soccer/500/438.png,https://a.espncdn.com/i/teamlogos/soccer/500/5270.png,2-3-6,7-4-2,,,,ESPN public event API,Waiting for odds,https://site.api.espn.com/apis/site/v2/sports/soccer/nor.1/scoreboard?dates=20260515-20261125&limit=300,,401873926,2026-09-12T16:00Z,ESPN public event API
2026-09-13,Allsvenskan,Djurgården,GAIS,https://a.espncdn.com/i/teamlogos/soccer/500/2339.png,https://a.espncdn.com/i/teamlogos/soccer/500/8222.png,4-1-4,3-3-4,,,,ESPN public event API,Waiting for odds,https://site.api.espn.com/apis/site/v2/sports/soccer/swe.1/scoreboard?dates=20260515-20261125&limit=300,,401842819,2026-09-13T04:00Z,ESPN public event API
2026-09-13,Allsvenskan,Hammarby IF,IF Brommapojkarna,https://a.espncdn.com/i/teamlogos/soccer/500/2495.png,https://a.espncdn.com/i/teamlogos/soccer/500/8221.png,5-2-3,4-2-3,,,,ESPN public event API,Waiting for odds,https://site.api.espn.com/apis/site/v2/sports/soccer/swe.1/scoreboard?dates=20260515-20261125&limit=300,,401842821,2026-09-13T12:00Z,ESPN public event API
2026-09-13,Allsvenskan,IF Elfsborg,Kalmar FF,https://a.espncdn.com/i/teamlogos/soccer/500/529.png,https://a.espncdn.com/i/teamlogos/soccer/500/3052.png,4-6-1,3-1-5,,,,ESPN public event API,Waiting for odds,https://site.api.espn.com/apis/site/v2/sports/soccer/swe.1/scoreboard?dates=20260515-20261125&limit=300,,401842818,2026-09-13T12:00Z,ESPN public event API
2026-09-13,Allsvenskan,IK Sirius,Degerfors IF,https://a.espncdn.com/i/teamlogos/soccer/500/8547.png,https://a.espncdn.com/i/teamlogos/soccer/500/20856.png,8-1-0,2-3-4,,,,ESPN public event API,Waiting for odds,https://site.api.espn.com/apis/site/v2/sports/soccer/swe.1/scoreboard?dates=20260515-20261125&limit=300,,401842822,2026-09-13T04:00Z,ESPN public event API
2026-09-13,Allsvenskan,Malmö FF,Örgryte IS,https://a.espncdn.com/i/teamlogos/soccer/500/2720.png,https://a.espncdn.com/i/teamlogos/soccer/500/131552.png,3-1-5,1-3-6,,,,ESPN public event API,Waiting for odds,https://site.api.espn.com/apis/site/v2/sports/soccer/swe.1/scoreboard?dates=20260515-20261125&limit=300,,401842823,2026-09-13T14:30Z,ESPN public event API
2026-09-13,Eliteserien,Bodo/Glimt,Sandefjord,https://a.espncdn.com/i/teamlogos/soccer/500/2980.png,https://a.espncdn.com/i/teamlogos/soccer/500/3279.png,7-2-2,4-2-4,,,,ESPN public event API,Waiting for odds,https://site.api.espn.com/apis/site/v2/sports/soccer/nor.1/scoreboard?dates=20260515-20261125&limit=300,,401843435,2026-09-13T15:00Z,ESPN public event API
2026-09-13,Eliteserien,Fredrikstad,Sarpsborg FK,https://a.espncdn.com/i/teamlogos/soccer/500/3039.png,https://a.espncdn.com/i/teamlogos/soccer/500/5002.png,4-2-5,4-2-5,,,,ESPN public event API,Waiting for odds,https://site.api.espn.com/apis/site/v2/sports/soccer/nor.1/scoreboard?dates=20260515-20261125&limit=300,,401843436,2026-09-13T17:15Z,ESPN public event API
2026-09-13,Eliteserien,Hamarkameratene,Molde,https://a.espncdn.com/i/teamlogos/soccer/500/21380.png,https://a.espncdn.com/i/teamlogos/soccer/500/2715.png,5-2-3,5-1-4,,,,ESPN public event API,Waiting for odds,https://site.api.espn.com/apis/site/v2/sports/soccer/nor.1/scoreboard?dates=20260515-20261125&limit=300,,401843442,2026-09-13T15:00Z,ESPN public event API
2026-09-13,Eliteserien,IK Start,SK Brann,,https://a.espncdn.com/i/teamlogos/soccer/500/620.png,1-4-7,4-1-7,,,,ESPN public event API,Waiting for odds,https://site.api.espn.com/apis/site/v2/sports/soccer/nor.1/scoreboard?dates=20260515-20261125&limit=300,,401843438,2026-09-13T15:00Z,ESPN public event API
2026-09-13,Eliteserien,KFUM Oslo,Aalesund,https://a.espncdn.com/i/teamlogos/soccer/500/22165.png,https://a.espncdn.com/i/teamlogos/soccer/500/3278.png,3-3-5,2-5-4,,,,ESPN public event API,Waiting for odds,https://site.api.espn.com/apis/site/v2/sports/soccer/nor.1/scoreboard?dates=20260515-20261125&limit=300,,401843441,2026-09-13T15:00Z,ESPN public event API
2026-09-13,Eliteserien,Viking FK,Kristiansund BK,https://a.espncdn.com/i/teamlogos/soccer/500/510.png,https://a.espncdn.com/i/teamlogos/soccer/500/6672.png,9-0-1,3-2-6,,,,ESPN public event API,Waiting for odds,https://site.api.espn.com/apis/site/v2/sports/soccer/nor.1/scoreboard?dates=20260515-20261125&limit=300,,401843437,2026-09-13T12:30Z,ESPN public event API
2026-09-16,Allsvenskan,AIK,Mjällby AIF,https://a.espncdn.com/i/teamlogos/soccer/500/994.png,https://a.espncdn.com/i/teamlogos/soccer/500/20301.png,3-3-3,4-3-3,,,,ESPN public event API,Waiting for odds,https://site.api.espn.com/apis/site/v2/sports/soccer/swe.1/scoreboard?dates=20260515-20261125&limit=300,,401874083,2026-09-16T17:00Z,ESPN public event API
2026-09-18,Eliteserien,Sarpsborg FK,KFUM Oslo,https://a.espncdn.com/i/teamlogos/soccer/500/5002.png,https://a.espncdn.com/i/teamlogos/soccer/500/22165.png,4-2-5,3-3-5,,,,ESPN public event API,Waiting for odds,https://site.api.espn.com/apis/site/v2/sports/soccer/nor.1/scoreboard?dates=20260515-20261125&limit=300,,401873932,2026-09-18T17:00Z,ESPN public event API
2026-09-19,Allsvenskan,IF Brommapojkarna,IFK Göteborg,https://a.espncdn.com/i/teamlogos/soccer/500/8221.png,https://a.espncdn.com/i/teamlogos/soccer/500/2556.png,4-2-3,1-4-4,,,,ESPN public event API,Waiting for odds,https://site.api.espn.com/apis/site/v2/sports/soccer/swe.1/scoreboard?dates=20260515-20261125&limit=300,,401842826,2026-09-19T13:00Z,ESPN public event API
2026-09-19,Allsvenskan,Örgryte IS,IK Sirius,https://a.espncdn.com/i/teamlogos/soccer/500/131552.png,https://a.espncdn.com/i/teamlogos/soccer/500/8547.png,1-3-6,8-1-0,,,,ESPN public event API,Waiting for odds,https://site.api.espn.com/apis/site/v2/sports/soccer/swe.1/scoreboard?dates=20260515-20261125&limit=300,,401842833,2026-09-19T15:30Z,ESPN public event API
2026-09-19,Allsvenskan,Västerås SK,Malmö FF,https://a.espncdn.com/i/teamlogos/soccer/500/22163.png,https://a.espncdn.com/i/teamlogos/soccer/500/2720.png,3-3-3,3-1-5,,,,ESPN public event API,Waiting for odds,https://site.api.espn.com/apis/site/v2/sports/soccer/swe.1/scoreboard?dates=20260515-20261125&limit=300,,401842829,2026-09-19T13:00Z,ESPN public event API
2026-09-19,Eliteserien,Kristiansund BK,Rosenborg,https://a.espncdn.com/i/teamlogos/soccer/500/6672.png,https://a.espncdn.com/i/teamlogos/soccer/500/438.png,3-2-6,2-3-6,,,,ESPN public event API,Waiting for odds,https://site.api.espn.com/apis/site/v2/sports/soccer/nor.1/scoreboard?dates=20260515-20261125&limit=300,,401873922,2026-09-19T14:00Z,ESPN public event API
2026-09-19,Eliteserien,Molde,Aalesund,https://a.espncdn.com/i/teamlogos/soccer/500/2715.png,https://a.espncdn.com/i/teamlogos/soccer/500/3278.png,5-1-4,2-5-4,,,,ESPN public event API,Waiting for odds,https://site.api.espn.com/apis/site/v2/sports/soccer/nor.1/scoreboard?dates=20260515-20261125&limit=300,,401873903,2026-09-19T16:00Z,ESPN public event API
2026-09-20,Allsvenskan,Degerfors IF,Hammarby IF,https://a.espncdn.com/i/teamlogos/soccer/500/20856.png,https://a.espncdn.com/i/teamlogos/soccer/500/2495.png,2-3-4,5-2-3,,,,ESPN public event API,Waiting for odds,https://site.api.espn.com/apis/site/v2/sports/soccer/swe.1/scoreboard?dates=20260515-20261125&limit=300,,401842827,2026-09-20T14:30Z,ESPN public event API
2026-09-20,Allsvenskan,Djurgården,IF Elfsborg,https://a.espncdn.com/i/teamlogos/soccer/500/2339.png,https://a.espncdn.com/i/teamlogos/soccer/500/529.png,4-1-4,4-6-1,,,,ESPN public event API,Waiting for odds,https://site.api.espn.com/apis/site/v2/sports/soccer/swe.1/scoreboard?dates=20260515-20261125&limit=300,,401842828,2026-09-20T12:00Z,ESPN public event API
2026-09-20,Allsvenskan,Halmstads BK,AIK,https://a.espncdn.com/i/teamlogos/soccer/500/3017.png,https://a.espncdn.com/i/teamlogos/soccer/500/994.png,1-3-5,3-3-3,,,,ESPN public event API,Waiting for odds,https://site.api.espn.com/apis/site/v2/sports/soccer/swe.1/scoreboard?dates=20260515-20261125&limit=300,,401842832,2026-09-20T12:00Z,ESPN public event API
2026-09-20,Allsvenskan,Kalmar FF,BK Häcken,https://a.espncdn.com/i/teamlogos/soccer/500/3052.png,https://a.espncdn.com/i/teamlogos/soccer/500/7834.png,3-1-5,4-5-0,,,,ESPN public event API,Waiting for odds,https://site.api.espn.com/apis/site/v2/sports/soccer/swe.1/scoreboard?dates=20260515-20261125&limit=300,,401842831,2026-09-20T12:00Z,ESPN public event API
2026-09-20,Allsvenskan,Mjällby AIF,GAIS,https://a.espncdn.com/i/teamlogos/soccer/500/20301.png,https://a.espncdn.com/i/teamlogos/soccer/500/8222.png,4-3-3,3-3-4,,,,ESPN public event API,Waiting for odds,https://site.api.espn.com/apis/site/v2/sports/soccer/swe.1/scoreboard?dates=20260515-20261125&limit=300,,401842830,2026-09-20T14:30Z,ESPN public event API
2026-09-20,Eliteserien,Sandefjord,IK Start,https://a.espncdn.com/i/teamlogos/soccer/500/3279.png,,4-2-4,1-4-7,,,,ESPN public event API,Waiting for odds,https://site.api.espn.com/apis/site/v2/sports/soccer/nor.1/scoreboard?dates=20260515-20261125&limit=300,,401843447,2026-09-20T15:00Z,ESPN public event API
2026-09-20,Eliteserien,SK Brann,Bodo/Glimt,https://a.espncdn.com/i/teamlogos/soccer/500/620.png,https://a.espncdn.com/i/teamlogos/soccer/500/2980.png,4-1-7,7-2-2,,,,ESPN public event API,Waiting for odds,https://site.api.espn.com/apis/site/v2/sports/soccer/nor.1/scoreboard?dates=20260515-20261125&limit=300,,401843443,2026-09-20T17:15Z,ESPN public event API
2026-09-20,Eliteserien,Tromso,Hamarkameratene,https://a.espncdn.com/i/teamlogos/soccer/500/5270.png,https://a.espncdn.com/i/teamlogos/soccer/500/21380.png,7-4-2,5-2-3,,,,ESPN public event API,Waiting for odds,https://site.api.espn.com/apis/site/v2/sports/soccer/nor.1/scoreboard?dates=20260515-20261125&limit=300,,401843445,2026-09-20T15:00Z,ESPN public event API
2026-09-20,Eliteserien,Vålerenga,Fredrikstad,https://a.espncdn.com/i/teamlogos/soccer/500/2791.png,https://a.espncdn.com/i/teamlogos/soccer/500/3039.png,4-2-5,4-2-5,,,,ESPN public event API,Waiting for odds,https://site.api.espn.com/apis/site/v2/sports/soccer/nor.1/scoreboard?dates=20260515-20261125&limit=300,,401843450,2026-09-20T12:30Z,ESPN public event API
2026-09-20,Eliteserien,Viking FK,Lillestrom,https://a.espncdn.com/i/teamlogos/soccer/500/510.png,https://a.espncdn.com/i/teamlogos/soccer/500/987.png,9-0-1,6-1-4,,,,ESPN public event API,Waiting for odds,https://site.api.espn.com/apis/site/v2/sports/soccer/nor.1/scoreboard?dates=20260515-20261125&limit=300,,401843444,2026-09-20T15:00Z,ESPN public event API
2026-10-09,Allsvenskan,IFK Göteborg,Västerås SK,https://a.espncdn.com/i/teamlogos/soccer/500/2556.png,https://a.espncdn.com/i/teamlogos/soccer/500/22163.png,1-4-4,3-3-3,,,,ESPN public event API,Waiting for odds,https://site.api.espn.com/apis/site/v2/sports/soccer/swe.1/scoreboard?dates=20260515-20261125&limit=300,,401874089,2026-10-09T17:00Z,ESPN public event API
2026-10-10,Allsvenskan,AIK,IF Brommapojkarna,https://a.espncdn.com/i/teamlogos/soccer/500/994.png,https://a.espncdn.com/i/teamlogos/soccer/500/8221.png,3-3-3,4-2-3,,,,ESPN public event API,Waiting for odds,https://site.api.espn.com/apis/site/v2/sports/soccer/swe.1/scoreboard?dates=20260515-20261125&limit=300,,401842840,2026-10-10T13:00Z,ESPN public event API
2026-10-10,Allsvenskan,GAIS,IK Sirius,https://a.espncdn.com/i/teamlogos/soccer/500/8222.png,https://a.espncdn.com/i/teamlogos/soccer/500/8547.png,3-3-4,8-1-0,,,,ESPN public event API,Waiting for odds,https://site.api.espn.com/apis/site/v2/sports/soccer/swe.1/scoreboard?dates=20260515-20261125&limit=300,,401842838,2026-10-10T13:00Z,ESPN public event API
2026-10-10,Allsvenskan,Mjällby AIF,Degerfors IF,https://a.espncdn.com/i/teamlogos/soccer/500/20301.png,https://a.espncdn.com/i/teamlogos/soccer/500/20856.png,4-3-3,2-3-4,,,,ESPN public event API,Waiting for odds,https://site.api.espn.com/apis/site/v2/sports/soccer/swe.1/scoreboard?dates=20260515-20261125&limit=300,,401842841,2026-10-10T15:30Z,ESPN public event API
2026-10-11,Allsvenskan,BK Häcken,Örgryte IS,https://a.espncdn.com/i/teamlogos/soccer/500/7834.png,https://a.espncdn.com/i/teamlogos/soccer/500/131552.png,4-5-0,1-3-6,,,,ESPN public event API,Waiting for odds,https://site.api.espn.com/apis/site/v2/sports/soccer/swe.1/scoreboard?dates=20260515-20261125&limit=300,,401842836,2026-10-11T14:30Z,ESPN public event API
2026-10-11,Allsvenskan,Hammarby IF,Djurgården,https://a.espncdn.com/i/teamlogos/soccer/500/2495.png,https://a.espncdn.com/i/teamlogos/soccer/500/2339.png,5-2-3,4-1-4,,,,ESPN public event API,Waiting for odds,https://site.api.espn.com/apis/site/v2/sports/soccer/swe.1/scoreboard?dates=20260515-20261125&limit=300,,401842837,2026-10-11T12:00Z,ESPN public event API
2026-10-11,Allsvenskan,IF Elfsborg,Halmstads BK,https://a.espncdn.com/i/teamlogos/soccer/500/529.png,https://a.espncdn.com/i/teamlogos/soccer/500/3017.png,4-6-1,1-3-5,,,,ESPN public event API,Waiting for odds,https://site.api.espn.com/apis/site/v2/sports/soccer/swe.1/scoreboard?dates=20260515-20261125&limit=300,,401842839,2026-10-11T04:00Z,ESPN public event API
2026-10-11,Allsvenskan,Malmö FF,Kalmar FF,https://a.espncdn.com/i/teamlogos/soccer/500/2720.png,https://a.espncdn.com/i/teamlogos/soccer/500/3052.png,3-1-5,3-1-5,,,,ESPN public event API,Waiting for odds,https://site.api.espn.com/apis/site/v2/sports/soccer/swe.1/scoreboard?dates=20260515-20261125&limit=300,,401842834,2026-10-11T04:00Z,ESPN public event API
2026-10-11,Eliteserien,Aalesund,Sarpsborg FK,https://a.espncdn.com/i/teamlogos/soccer/500/3278.png,https://a.espncdn.com/i/teamlogos/soccer/500/5002.png,2-5-4,4-2-5,,,,ESPN public event API,Waiting for odds,https://site.api.espn.com/apis/site/v2/sports/soccer/nor.1/scoreboard?dates=20260515-20261125&limit=300,,401843457,2026-10-11T15:00Z,ESPN public event API
2026-10-11,Eliteserien,Bodo/Glimt,Kristiansund BK,https://a.espncdn.com/i/teamlogos/soccer/500/2980.png,https://a.espncdn.com/i/teamlogos/soccer/500/6672.png,7-2-2,3-2-6,,,,ESPN public event API,Waiting for odds,https://site.api.espn.com/apis/site/v2/sports/soccer/nor.1/scoreboard?dates=20260515-20261125&limit=300,,401843456,2026-10-11T15:00Z,ESPN public event API
2026-10-11,Eliteserien,Fredrikstad,Tromso,https://a.espncdn.com/i/teamlogos/soccer/500/3039.png,https://a.espncdn.com/i/teamlogos/soccer/500/5270.png,4-2-5,7-4-2,,,,ESPN public event API,Waiting for odds,https://site.api.espn.com/apis/site/v2/sports/soccer/nor.1/scoreboard?dates=20260515-20261125&limit=300,,401843454,2026-10-11T15:00Z,ESPN public event API
2026-10-11,Eliteserien,IK Start,Hamarkameratene,,https://a.espncdn.com/i/teamlogos/soccer/500/21380.png,1-4-7,5-2-3,,,,ESPN public event API,Waiting for odds,https://site.api.espn.com/apis/site/v2/sports/soccer/nor.1/scoreboard?dates=20260515-20261125&limit=300,,401843458,2026-10-11T15:00Z,ESPN public event API
2026-10-11,Eliteserien,KFUM Oslo,Vålerenga,https://a.espncdn.com/i/teamlogos/soccer/500/22165.png,https://a.espncdn.com/i/teamlogos/soccer/500/2791.png,3-3-5,4-2-5,,,,ESPN public event API,Waiting for odds,https://site.api.espn.com/apis/site/v2/sports/soccer/nor.1/scoreboard?dates=20260515-20261125&limit=300,,401843453,2026-10-11T15:00Z,ESPN public event API
2026-10-11,Eliteserien,Lillestrom,Molde,https://a.espncdn.com/i/teamlogos/soccer/500/987.png,https://a.espncdn.com/i/teamlogos/soccer/500/2715.png,6-1-4,5-1-4,,,,ESPN public event API,Waiting for odds,https://site.api.espn.com/apis/site/v2/sports/soccer/nor.1/scoreboard?dates=20260515-20261125&limit=300,,401843452,2026-10-11T15:00Z,ESPN public event API
2026-10-11,Eliteserien,Rosenborg,Sandefjord,https://a.espncdn.com/i/teamlogos/soccer/500/438.png,https://a.espncdn.com/i/teamlogos/soccer/500/3279.png,2-3-6,4-2-4,,,,ESPN public event API,Waiting for odds,https://site.api.espn.com/apis/site/v2/sports/soccer/nor.1/scoreboard?dates=20260515-20261125&limit=300,,401843451,2026-10-11T15:00Z,ESPN public event API
2026-10-11,Eliteserien,SK Brann,Viking FK,https://a.espncdn.com/i/teamlogos/soccer/500/620.png,https://a.espncdn.com/i/teamlogos/soccer/500/510.png,4-1-7,9-0-1,,,,ESPN public event API,Waiting for odds,https://site.api.espn.com/apis/site/v2/sports/soccer/nor.1/scoreboard?dates=20260515-20261125&limit=300,,401843455,2026-10-11T15:00Z,ESPN public event API
2026-10-18,Allsvenskan,AIK,IFK Göteborg,https://a.espncdn.com/i/teamlogos/soccer/500/994.png,https://a.espncdn.com/i/teamlogos/soccer/500/2556.png,3-3-3,1-4-4,,,,ESPN public event API,Waiting for odds,https://site.api.espn.com/apis/site/v2/sports/soccer/swe.1/scoreboard?dates=20260515-20261125&limit=300,,401842848,2026-10-18T04:00Z,ESPN public event API
2026-10-18,Allsvenskan,Degerfors IF,Kalmar FF,https://a.espncdn.com/i/teamlogos/soccer/500/20856.png,https://a.espncdn.com/i/teamlogos/soccer/500/3052.png,2-3-4,3-1-5,,,,ESPN public event API,Waiting for odds,https://site.api.espn.com/apis/site/v2/sports/soccer/swe.1/scoreboard?dates=20260515-20261125&limit=300,,401842846,2026-10-18T04:00Z,ESPN public event API
2026-10-18,Allsvenskan,Halmstads BK,Hammarby IF,https://a.espncdn.com/i/teamlogos/soccer/500/3017.png,https://a.espncdn.com/i/teamlogos/soccer/500/2495.png,1-3-5,5-2-3,,,,ESPN public event API,Waiting for odds,https://site.api.espn.com/apis/site/v2/sports/soccer/swe.1/scoreboard?dates=20260515-20261125&limit=300,,401842845,2026-10-18T04:00Z,ESPN public event API
2026-10-18,Allsvenskan,IF Brommapojkarna,Djurgården,https://a.espncdn.com/i/teamlogos/soccer/500/8221.png,https://a.espncdn.com/i/teamlogos/soccer/500/2339.png,4-2-3,4-1-4,,,,ESPN public event API,Waiting for odds,https://site.api.espn.com/apis/site/v2/sports/soccer/swe.1/scoreboard?dates=20260515-20261125&limit=300,,401842847,2026-10-18T04:00Z,ESPN public event API
2026-10-18,Allsvenskan,IK Sirius,IF Elfsborg,https://a.espncdn.com/i/teamlogos/soccer/500/8547.png,https://a.espncdn.com/i/teamlogos/soccer/500/529.png,8-1-0,4-6-1,,,,ESPN public event API,Waiting for odds,https://site.api.espn.com/apis/site/v2/sports/soccer/swe.1/scoreboard?dates=20260515-20261125&limit=300,,401842843,2026-10-18T04:00Z,ESPN public event API
2026-10-18,Allsvenskan,Malmö FF,BK Häcken,https://a.espncdn.com/i/teamlogos/soccer/500/2720.png,https://a.espncdn.com/i/teamlogos/soccer/500/7834.png,3-1-5,4-5-0,,,,ESPN public event API,Waiting for odds,https://site.api.espn.com/apis/site/v2/sports/soccer/swe.1/scoreboard?dates=20260515-20261125&limit=300,,401842844,2026-10-18T04:00Z,ESPN public event API
2026-10-18,Allsvenskan,Örgryte IS,GAIS,https://a.espncdn.com/i/teamlogos/soccer/500/131552.png,https://a.espncdn.com/i/teamlogos/soccer/500/8222.png,1-3-6,3-3-4,,,,ESPN public event API,Waiting for odds,https://site.api.espn.com/apis/site/v2/sports/soccer/swe.1/scoreboard?dates=20260515-20261125&limit=300,,401842849,2026-10-18T04:00Z,ESPN public event API
2026-10-18,Allsvenskan,Västerås SK,Mjällby AIF,https://a.espncdn.com/i/teamlogos/soccer/500/22163.png,https://a.espncdn.com/i/teamlogos/soccer/500/20301.png,3-3-3,4-3-3,,,,ESPN public event API,Waiting for odds,https://site.api.espn.com/apis/site/v2/sports/soccer/swe.1/scoreboard?dates=20260515-20261125&limit=300,,401842842,2026-10-18T04:00Z,ESPN public event API
2026-10-18,Eliteserien,Hamarkameratene,Bodo/Glimt,https://a.espncdn.com/i/teamlogos/soccer/500/21380.png,https://a.espncdn.com/i/teamlogos/soccer/500/2980.png,5-2-3,7-2-2,,,,ESPN public event API,Waiting for odds,https://site.api.espn.com/apis/site/v2/sports/soccer/nor.1/scoreboard?dates=20260515-20261125&limit=300,,401843465,2026-10-18T15:00Z,ESPN public event API
2026-10-18,Eliteserien,Kristiansund BK,Aalesund,https://a.espncdn.com/i/teamlogos/soccer/500/6672.png,https://a.espncdn.com/i/teamlogos/soccer/500/3278.png,3-2-6,2-5-4,,,,ESPN public event API,Waiting for odds,https://site.api.espn.com/apis/site/v2/sports/soccer/nor.1/scoreboard?dates=20260515-20261125&limit=300,,401843464,2026-10-18T15:00Z,ESPN public event API
2026-10-18,Eliteserien,Molde,IK Start,https://a.espncdn.com/i/teamlogos/soccer/500/2715.png,,5-1-4,1-4-7,,,,ESPN public event API,Waiting for odds,https://site.api.espn.com/apis/site/v2/sports/soccer/nor.1/scoreboard?dates=20260515-20261125&limit=300,,401843463,2026-10-18T15:00Z,ESPN public event API
2026-10-18,Eliteserien,Sandefjord,Lillestrom,https://a.espncdn.com/i/teamlogos/soccer/500/3279.png,https://a.espncdn.com/i/teamlogos/soccer/500/987.png,4-2-4,6-1-4,,,,ESPN public event API,Waiting for odds,https://site.api.espn.com/apis/site/v2/sports/soccer/nor.1/scoreboard?dates=20260515-20261125&limit=300,,401843462,2026-10-18T15:00Z,ESPN public event API
2026-10-18,Eliteserien,Sarpsborg FK,Rosenborg,https://a.espncdn.com/i/teamlogos/soccer/500/5002.png,https://a.espncdn.com/i/teamlogos/soccer/500/438.png,4-2-5,2-3-6,,,,ESPN public event API,Waiting for odds,https://site.api.espn.com/apis/site/v2/sports/soccer/nor.1/scoreboard?dates=20260515-20261125&limit=300,,401843461,2026-10-18T15:00Z,ESPN public event API
2026-10-18,Eliteserien,Tromso,KFUM Oslo,https://a.espncdn.com/i/teamlogos/soccer/500/5270.png,https://a.espncdn.com/i/teamlogos/soccer/500/22165.png,7-4-2,3-3-5,,,,ESPN public event API,Waiting for odds,https://site.api.espn.com/apis/site/v2/sports/soccer/nor.1/scoreboard?dates=20260515-20261125&limit=300,,401843460,2026-10-18T15:00Z,ESPN public event API
2026-10-18,Eliteserien,Vålerenga,SK Brann,https://a.espncdn.com/i/teamlogos/soccer/500/2791.png,https://a.espncdn.com/i/teamlogos/soccer/500/620.png,4-2-5,4-1-7,,,,ESPN public event API,Waiting for odds,https://site.api.espn.com/apis/site/v2/sports/soccer/nor.1/scoreboard?dates=20260515-20261125&limit=300,,401843466,2026-10-18T15:00Z,ESPN public event API
2026-10-18,Eliteserien,Viking FK,Fredrikstad,https://a.espncdn.com/i/teamlogos/soccer/500/510.png,https://a.espncdn.com/i/teamlogos/soccer/500/3039.png,9-0-1,4-2-5,,,,ESPN public event API,Waiting for odds,https://site.api.espn.com/apis/site/v2/sports/soccer/nor.1/scoreboard?dates=20260515-20261125&limit=300,,401843459,2026-10-18T15:00Z,ESPN public event API
2026-10-25,Allsvenskan,BK Häcken,Degerfors IF,https://a.espncdn.com/i/teamlogos/soccer/500/7834.png,https://a.espncdn.com/i/teamlogos/soccer/500/20856.png,4-5-0,2-3-4,,,,ESPN public event API,Waiting for odds,https://site.api.espn.com/apis/site/v2/sports/soccer/swe.1/scoreboard?dates=20260515-20261125&limit=300,,401842856,2026-10-25T04:00Z,ESPN public event API
2026-10-25,Allsvenskan,Djurgården,Örgryte IS,https://a.espncdn.com/i/teamlogos/soccer/500/2339.png,https://a.espncdn.com/i/teamlogos/soccer/500/131552.png,4-1-4,1-3-6,,,,ESPN public event API,Waiting for odds,https://site.api.espn.com/apis/site/v2/sports/soccer/swe.1/scoreboard?dates=20260515-20261125&limit=300,,401842850,2026-10-25T04:00Z,ESPN public event API
2026-10-25,Allsvenskan,GAIS,IFK Göteborg,https://a.espncdn.com/i/teamlogos/soccer/500/8222.png,https://a.espncdn.com/i/teamlogos/soccer/500/2556.png,3-3-4,1-4-4,,,,ESPN public event API,Waiting for odds,https://site.api.espn.com/apis/site/v2/sports/soccer/swe.1/scoreboard?dates=20260515-20261125&limit=300,,401842857,2026-10-25T04:00Z,ESPN public event API
2026-10-25,Allsvenskan,IF Elfsborg,Malmö FF,https://a.espncdn.com/i/teamlogos/soccer/500/529.png,https://a.espncdn.com/i/teamlogos/soccer/500/2720.png,4-6-1,3-1-5,,,,ESPN public event API,Waiting for odds,https://site.api.espn.com/apis/site/v2/sports/soccer/swe.1/scoreboard?dates=20260515-20261125&limit=300,,401842851,2026-10-25T04:00Z,ESPN public event API
2026-10-25,Allsvenskan,IK Sirius,AIK,https://a.espncdn.com/i/teamlogos/soccer/500/8547.png,https://a.espncdn.com/i/teamlogos/soccer/500/994.png,8-1-0,3-3-3,,,,ESPN public event API,Waiting for odds,https://site.api.espn.com/apis/site/v2/sports/soccer/swe.1/scoreboard?dates=20260515-20261125&limit=300,,401842853,2026-10-25T04:00Z,ESPN public event API
2026-10-25,Allsvenskan,Kalmar FF,IF Brommapojkarna,https://a.espncdn.com/i/teamlogos/soccer/500/3052.png,https://a.espncdn.com/i/teamlogos/soccer/500/8221.png,3-1-5,4-2-3,,,,ESPN public event API,Waiting for odds,https://site.api.espn.com/apis/site/v2/sports/soccer/swe.1/scoreboard?dates=20260515-20261125&limit=300,,401842855,2026-10-25T04:00Z,ESPN public event API
2026-10-25,Allsvenskan,Mjällby AIF,Hammarby IF,https://a.espncdn.com/i/teamlogos/soccer/500/20301.png,https://a.espncdn.com/i/teamlogos/soccer/500/2495.png,4-3-3,5-2-3,,,,ESPN public event API,Waiting for odds,https://site.api.espn.com/apis/site/v2/sports/soccer/swe.1/scoreboard?dates=20260515-20261125&limit=300,,401842854,2026-10-25T04:00Z,ESPN public event API
2026-10-25,Allsvenskan,Västerås SK,Halmstads BK,https://a.espncdn.com/i/teamlogos/soccer/500/22163.png,https://a.espncdn.com/i/teamlogos/soccer/500/3017.png,3-3-3,1-3-5,,,,ESPN public event API,Waiting for odds,https://site.api.espn.com/apis/site/v2/sports/soccer/swe.1/scoreboard?dates=20260515-20261125&limit=300,,401842852,2026-10-25T04:00Z,ESPN public event API
2026-10-25,Eliteserien,Bodo/Glimt,Vålerenga,https://a.espncdn.com/i/teamlogos/soccer/500/2980.png,https://a.espncdn.com/i/teamlogos/soccer/500/2791.png,7-2-2,4-2-5,,,,ESPN public event API,Waiting for odds,https://site.api.espn.com/apis/site/v2/sports/soccer/nor.1/scoreboard?dates=20260515-20261125&limit=300,,401843372,2026-10-25T16:00Z,ESPN public event API
2026-10-25,Eliteserien,Hamarkameratene,Rosenborg,https://a.espncdn.com/i/teamlogos/soccer/500/21380.png,https://a.espncdn.com/i/teamlogos/soccer/500/438.png,5-2-3,2-3-6,,,,ESPN public event API,Waiting for odds,https://site.api.espn.com/apis/site/v2/sports/soccer/nor.1/scoreboard?dates=20260515-20261125&limit=300,,401843371,2026-10-25T16:00Z,ESPN public event API
2026-10-25,Eliteserien,IK Start,Sandefjord,,https://a.espncdn.com/i/teamlogos/soccer/500/3279.png,1-4-7,4-2-4,,,,ESPN public event API,Waiting for odds,https://site.api.espn.com/apis/site/v2/sports/soccer/nor.1/scoreboard?dates=20260515-20261125&limit=300,,401843366,2026-10-25T16:00Z,ESPN public event API
2026-10-25,Eliteserien,Kristiansund BK,KFUM Oslo,https://a.espncdn.com/i/teamlogos/soccer/500/6672.png,https://a.espncdn.com/i/teamlogos/soccer/500/22165.png,3-2-6,3-3-5,,,,ESPN public event API,Waiting for odds,https://site.api.espn.com/apis/site/v2/sports/soccer/nor.1/scoreboard?dates=20260515-20261125&limit=300,,401843370,2026-10-25T16:00Z,ESPN public event API
2026-10-25,Eliteserien,Lillestrom,SK Brann,https://a.espncdn.com/i/teamlogos/soccer/500/987.png,https://a.espncdn.com/i/teamlogos/soccer/500/620.png,6-1-4,4-1-7,,,,ESPN public event API,Waiting for odds,https://site.api.espn.com/apis/site/v2/sports/soccer/nor.1/scoreboard?dates=20260515-20261125&limit=300,,401843369,2026-10-25T16:00Z,ESPN public event API
2026-10-25,Eliteserien,Molde,Fredrikstad,https://a.espncdn.com/i/teamlogos/soccer/500/2715.png,https://a.espncdn.com/i/teamlogos/soccer/500/3039.png,5-1-4,4-2-5,,,,ESPN public event API,Waiting for odds,https://site.api.espn.com/apis/site/v2/sports/soccer/nor.1/scoreboard?dates=20260515-20261125&limit=300,,401843368,2026-10-25T16:00Z,ESPN public event API
2026-10-25,Eliteserien,Sarpsborg FK,Aalesund,https://a.espncdn.com/i/teamlogos/soccer/500/5002.png,https://a.espncdn.com/i/teamlogos/soccer/500/3278.png,4-2-5,2-5-4,,,,ESPN public event API,Waiting for odds,https://site.api.espn.com/apis/site/v2/sports/soccer/nor.1/scoreboard?dates=20260515-20261125&limit=300,,401843367,2026-10-25T16:00Z,ESPN public event API
2026-10-25,Eliteserien,Viking FK,Tromso,https://a.espncdn.com/i/teamlogos/soccer/500/510.png,https://a.espncdn.com/i/teamlogos/soccer/500/5270.png,9-0-1,7-4-2,,,,ESPN public event API,Waiting for odds,https://site.api.espn.com/apis/site/v2/sports/soccer/nor.1/scoreboard?dates=20260515-20261125&limit=300,,401843373,2026-10-25T16:00Z,ESPN public event API
2026-10-28,Allsvenskan,AIK,IF Elfsborg,https://a.espncdn.com/i/teamlogos/soccer/500/994.png,https://a.espncdn.com/i/teamlogos/soccer/500/529.png,3-3-3,4-6-1,,,,ESPN public event API,Waiting for odds,https://site.api.espn.com/apis/site/v2/sports/soccer/swe.1/scoreboard?dates=20260515-20261125&limit=300,,401842858,2026-10-28T04:00Z,ESPN public event API
2026-10-28,Allsvenskan,Degerfors IF,Västerås SK,https://a.espncdn.com/i/teamlogos/soccer/500/20856.png,https://a.espncdn.com/i/teamlogos/soccer/500/22163.png,2-3-4,3-3-3,,,,ESPN public event API,Waiting for odds,https://site.api.espn.com/apis/site/v2/sports/soccer/swe.1/scoreboard?dates=20260515-20261125&limit=300,,401842863,2026-10-28T04:00Z,ESPN public event API
2026-10-28,Allsvenskan,Halmstads BK,Malmö FF,https://a.espncdn.com/i/teamlogos/soccer/500/3017.png,https://a.espncdn.com/i/teamlogos/soccer/500/2720.png,1-3-5,3-1-5,,,,ESPN public event API,Waiting for odds,https://site.api.espn.com/apis/site/v2/sports/soccer/swe.1/scoreboard?dates=20260515-20261125&limit=300,,401842862,2026-10-28T04:00Z,ESPN public event API
2026-10-28,Allsvenskan,Hammarby IF,IK Sirius,https://a.espncdn.com/i/teamlogos/soccer/500/2495.png,https://a.espncdn.com/i/teamlogos/soccer/500/8547.png,5-2-3,8-1-0,,,,ESPN public event API,Waiting for odds,https://site.api.espn.com/apis/site/v2/sports/soccer/swe.1/scoreboard?dates=20260515-20261125&limit=300,,401842861,2026-10-28T04:00Z,ESPN public event API
2026-10-28,Allsvenskan,IF Brommapojkarna,BK Häcken,https://a.espncdn.com/i/teamlogos/soccer/500/8221.png,https://a.espncdn.com/i/teamlogos/soccer/500/7834.png,4-2-3,4-5-0,,,,ESPN public event API,Waiting for odds,https://site.api.espn.com/apis/site/v2/sports/soccer/swe.1/scoreboard?dates=20260515-20261125&limit=300,,401842864,2026-10-28T04:00Z,ESPN public event API
2026-10-28,Allsvenskan,IFK Göteborg,Djurgården,https://a.espncdn.com/i/teamlogos/soccer/500/2556.png,https://a.espncdn.com/i/teamlogos/soccer/500/2339.png,1-4-4,4-1-4,,,,ESPN public event API,Waiting for odds,https://site.api.espn.com/apis/site/v2/sports/soccer/swe.1/scoreboard?dates=20260515-20261125&limit=300,,401842860,2026-10-28T04:00Z,ESPN public event API
2026-10-28,Allsvenskan,Kalmar FF,GAIS,https://a.espncdn.com/i/teamlogos/soccer/500/3052.png,https://a.espncdn.com/i/teamlogos/soccer/500/8222.png,3-1-5,3-3-4,,,,ESPN public event API,Waiting for odds,https://site.api.espn.com/apis/site/v2/sports/soccer/swe.1/scoreboard?dates=20260515-20261125&limit=300,,401842859,2026-10-28T04:00Z,ESPN public event API
2026-10-28,Allsvenskan,Örgryte IS,Mjällby AIF,https://a.espncdn.com/i/teamlogos/soccer/500/131552.png,https://a.espncdn.com/i/teamlogos/soccer/500/20301.png,1-3-6,4-3-3,,,,ESPN public event API,Waiting for odds,https://site.api.espn.com/apis/site/v2/sports/soccer/swe.1/scoreboard?dates=20260515-20261125&limit=300,,401842865,2026-10-28T04:00Z,ESPN public event API
2026-11-01,Allsvenskan,BK Häcken,IFK Göteborg,https://a.espncdn.com/i/teamlogos/soccer/500/7834.png,https://a.espncdn.com/i/teamlogos/soccer/500/2556.png,4-5-0,1-4-4,,,,ESPN public event API,Waiting for odds,https://site.api.espn.com/apis/site/v2/sports/soccer/swe.1/scoreboard?dates=20260515-20261125&limit=300,,401842869,2026-11-01T04:00Z,ESPN public event API
2026-11-01,Allsvenskan,Djurgården,Degerfors IF,https://a.espncdn.com/i/teamlogos/soccer/500/2339.png,https://a.espncdn.com/i/teamlogos/soccer/500/20856.png,4-1-4,2-3-4,,,,ESPN public event API,Waiting for odds,https://site.api.espn.com/apis/site/v2/sports/soccer/swe.1/scoreboard?dates=20260515-20261125&limit=300,,401842872,2026-11-01T04:00Z,ESPN public event API
2026-11-01,Allsvenskan,GAIS,AIK,https://a.espncdn.com/i/teamlogos/soccer/500/8222.png,https://a.espncdn.com/i/teamlogos/soccer/500/994.png,3-3-4,3-3-3,,,,ESPN public event API,Waiting for odds,https://site.api.espn.com/apis/site/v2/sports/soccer/swe.1/scoreboard?dates=20260515-20261125&limit=300,,401842870,2026-11-01T04:00Z,ESPN public event API
2026-11-01,Allsvenskan,IF Elfsborg,Örgryte IS,https://a.espncdn.com/i/teamlogos/soccer/500/529.png,https://a.espncdn.com/i/teamlogos/soccer/500/131552.png,4-6-1,1-3-6,,,,ESPN public event API,Waiting for odds,https://site.api.espn.com/apis/site/v2/sports/soccer/swe.1/scoreboard?dates=20260515-20261125&limit=300,,401842871,2026-11-01T04:00Z,ESPN public event API
2026-11-01,Allsvenskan,IK Sirius,Halmstads BK,https://a.espncdn.com/i/teamlogos/soccer/500/8547.png,https://a.espncdn.com/i/teamlogos/soccer/500/3017.png,8-1-0,1-3-5,,,,ESPN public event API,Waiting for odds,https://site.api.espn.com/apis/site/v2/sports/soccer/swe.1/scoreboard?dates=20260515-20261125&limit=300,,401842866,2026-11-01T04:00Z,ESPN public event API
2026-11-01,Allsvenskan,Malmö FF,Hammarby IF,https://a.espncdn.com/i/teamlogos/soccer/500/2720.png,https://a.espncdn.com/i/teamlogos/soccer/500/2495.png,3-1-5,5-2-3,,,,ESPN public event API,Waiting for odds,https://site.api.espn.com/apis/site/v2/sports/soccer/swe.1/scoreboard?dates=20260515-20261125&limit=300,,401842868,2026-11-01T04:00Z,ESPN public event API
2026-11-01,Allsvenskan,Mjällby AIF,Kalmar FF,https://a.espncdn.com/i/teamlogos/soccer/500/20301.png,https://a.espncdn.com/i/teamlogos/soccer/500/3052.png,4-3-3,3-1-5,,,,ESPN public event API,Waiting for odds,https://site.api.espn.com/apis/site/v2/sports/soccer/swe.1/scoreboard?dates=20260515-20261125&limit=300,,401842867,2026-11-01T04:00Z,ESPN public event API
2026-11-01,Allsvenskan,Västerås SK,IF Brommapojkarna,https://a.espncdn.com/i/teamlogos/soccer/500/22163.png,https://a.espncdn.com/i/teamlogos/soccer/500/8221.png,3-3-3,4-2-3,,,,ESPN public event API,Waiting for odds,https://site.api.espn.com/apis/site/v2/sports/soccer/swe.1/scoreboard?dates=20260515-20261125&limit=300,,401842873,2026-11-01T04:00Z,ESPN public event API
2026-11-01,Eliteserien,Aalesund,Sandefjord,https://a.espncdn.com/i/teamlogos/soccer/500/3278.png,https://a.espncdn.com/i/teamlogos/soccer/500/3279.png,2-5-4,4-2-4,,,,ESPN public event API,Waiting for odds,https://site.api.espn.com/apis/site/v2/sports/soccer/nor.1/scoreboard?dates=20260515-20261125&limit=300,,401843467,2026-11-01T16:00Z,ESPN public event API
2026-11-01,Eliteserien,Bodo/Glimt,Viking FK,https://a.espncdn.com/i/teamlogos/soccer/500/2980.png,https://a.espncdn.com/i/teamlogos/soccer/500/510.png,7-2-2,9-0-1,,,,ESPN public event API,Waiting for odds,https://site.api.espn.com/apis/site/v2/sports/soccer/nor.1/scoreboard?dates=20260515-20261125&limit=300,,401843468,2026-11-01T16:00Z,ESPN public event API
2026-11-01,Eliteserien,Fredrikstad,Rosenborg,https://a.espncdn.com/i/teamlogos/soccer/500/3039.png,https://a.espncdn.com/i/teamlogos/soccer/500/438.png,4-2-5,2-3-6,,,,ESPN public event API,Waiting for odds,https://site.api.espn.com/apis/site/v2/sports/soccer/nor.1/scoreboard?dates=20260515-20261125&limit=300,,401843473,2026-11-01T16:00Z,ESPN public event API
2026-11-01,Eliteserien,IK Start,Lillestrom,,https://a.espncdn.com/i/teamlogos/soccer/500/987.png,1-4-7,6-1-4,,,,ESPN public event API,Waiting for odds,https://site.api.espn.com/apis/site/v2/sports/soccer/nor.1/scoreboard?dates=20260515-20261125&limit=300,,401843470,2026-11-01T16:00Z,ESPN public event API
2026-11-01,Eliteserien,KFUM Oslo,Hamarkameratene,https://a.espncdn.com/i/teamlogos/soccer/500/22165.png,https://a.espncdn.com/i/teamlogos/soccer/500/21380.png,3-3-5,5-2-3,,,,ESPN public event API,Waiting for odds,https://site.api.espn.com/apis/site/v2/sports/soccer/nor.1/scoreboard?dates=20260515-20261125&limit=300,,401843472,2026-11-01T16:00Z,ESPN public event API
2026-11-01,Eliteserien,Sarpsborg FK,Kristiansund BK,https://a.espncdn.com/i/teamlogos/soccer/500/5002.png,https://a.espncdn.com/i/teamlogos/soccer/500/6672.png,4-2-5,3-2-6,,,,ESPN public event API,Waiting for odds,https://site.api.espn.com/apis/site/v2/sports/soccer/nor.1/scoreboard?dates=20260515-20261125&limit=300,,401843471,2026-11-01T16:00Z,ESPN public event API
2026-11-01,Eliteserien,SK Brann,Molde,https://a.espncdn.com/i/teamlogos/soccer/500/620.png,https://a.espncdn.com/i/teamlogos/soccer/500/2715.png,4-1-7,5-1-4,,,,ESPN public event API,Waiting for odds,https://site.api.espn.com/apis/site/v2/sports/soccer/nor.1/scoreboard?dates=20260515-20261125&limit=300,,401843474,2026-11-01T16:00Z,ESPN public event API
2026-11-01,Eliteserien,Vålerenga,Tromso,https://a.espncdn.com/i/teamlogos/soccer/500/2791.png,https://a.espncdn.com/i/teamlogos/soccer/500/5270.png,4-2-5,7-4-2,,,,ESPN public event API,Waiting for odds,https://site.api.espn.com/apis/site/v2/sports/soccer/nor.1/scoreboard?dates=20260515-20261125&limit=300,,401843469,2026-11-01T16:00Z,ESPN public event API
2026-11-08,Allsvenskan,AIK,BK Häcken,https://a.espncdn.com/i/teamlogos/soccer/500/994.png,https://a.espncdn.com/i/teamlogos/soccer/500/7834.png,3-3-3,4-5-0,,,,ESPN public event API,Waiting for odds,https://site.api.espn.com/apis/site/v2/sports/soccer/swe.1/scoreboard?dates=20260515-20261125&limit=300,,401842880,2026-11-08T05:00Z,ESPN public event API
2026-11-08,Allsvenskan,Degerfors IF,GAIS,https://a.espncdn.com/i/teamlogos/soccer/500/20856.png,https://a.espncdn.com/i/teamlogos/soccer/500/8222.png,2-3-4,3-3-4,,,,ESPN public event API,Waiting for odds,https://site.api.espn.com/apis/site/v2/sports/soccer/swe.1/scoreboard?dates=20260515-20261125&limit=300,,401842878,2026-11-08T05:00Z,ESPN public event API
2026-11-08,Allsvenskan,Halmstads BK,Djurgården,https://a.espncdn.com/i/teamlogos/soccer/500/3017.png,https://a.espncdn.com/i/teamlogos/soccer/500/2339.png,1-3-5,4-1-4,,,,ESPN public event API,Waiting for odds,https://site.api.espn.com/apis/site/v2/sports/soccer/swe.1/scoreboard?dates=20260515-20261125&limit=300,,401842877,2026-11-08T05:00Z,ESPN public event API
2026-11-08,Allsvenskan,Hammarby IF,IF Elfsborg,https://a.espncdn.com/i/teamlogos/soccer/500/2495.png,https://a.espncdn.com/i/teamlogos/soccer/500/529.png,5-2-3,4-6-1,,,,ESPN public event API,Waiting for odds,https://site.api.espn.com/apis/site/v2/sports/soccer/swe.1/scoreboard?dates=20260515-20261125&limit=300,,401842876,2026-11-08T05:00Z,ESPN public event API
2026-11-08,Allsvenskan,IF Brommapojkarna,Mjällby AIF,https://a.espncdn.com/i/teamlogos/soccer/500/8221.png,https://a.espncdn.com/i/teamlogos/soccer/500/20301.png,4-2-3,4-3-3,,,,ESPN public event API,Waiting for odds,https://site.api.espn.com/apis/site/v2/sports/soccer/swe.1/scoreboard?dates=20260515-20261125&limit=300,,401842879,2026-11-08T05:00Z,ESPN public event API
2026-11-08,Allsvenskan,IFK Göteborg,Malmö FF,https://a.espncdn.com/i/teamlogos/soccer/500/2556.png,https://a.espncdn.com/i/teamlogos/soccer/500/2720.png,1-4-4,3-1-5,,,,ESPN public event API,Waiting for odds,https://site.api.espn.com/apis/site/v2/sports/soccer/swe.1/scoreboard?dates=20260515-20261125&limit=300,,401842875,2026-11-08T05:00Z,ESPN public event API
2026-11-08,Allsvenskan,Kalmar FF,IK Sirius,https://a.espncdn.com/i/teamlogos/soccer/500/3052.png,https://a.espncdn.com/i/teamlogos/soccer/500/8547.png,3-1-5,8-1-0,,,,ESPN public event API,Waiting for odds,https://site.api.espn.com/apis/site/v2/sports/soccer/swe.1/scoreboard?dates=20260515-20261125&limit=300,,401842874,2026-11-08T05:00Z,ESPN public event API
2026-11-08,Allsvenskan,Örgryte IS,Västerås SK,https://a.espncdn.com/i/teamlogos/soccer/500/131552.png,https://a.espncdn.com/i/teamlogos/soccer/500/22163.png,1-3-6,3-3-3,,,,ESPN public event API,Waiting for odds,https://site.api.espn.com/apis/site/v2/sports/soccer/swe.1/scoreboard?dates=20260515-20261125&limit=300,,401842881,2026-11-08T05:00Z,ESPN public event API
2026-11-08,Eliteserien,Fredrikstad,SK Brann,https://a.espncdn.com/i/teamlogos/soccer/500/3039.png,https://a.espncdn.com/i/teamlogos/soccer/500/620.png,4-2-5,4-1-7,,,,ESPN public event API,Waiting for odds,https://site.api.espn.com/apis/site/v2/sports/soccer/nor.1/scoreboard?dates=20260515-20261125&limit=300,,401843475,2026-11-08T16:00Z,ESPN public event API
2026-11-08,Eliteserien,Hamarkameratene,Sarpsborg FK,https://a.espncdn.com/i/teamlogos/soccer/500/21380.png,https://a.espncdn.com/i/teamlogos/soccer/500/5002.png,5-2-3,4-2-5,,,,ESPN public event API,Waiting for odds,https://site.api.espn.com/apis/site/v2/sports/soccer/nor.1/scoreboard?dates=20260515-20261125&limit=300,,401843481,2026-11-08T16:00Z,ESPN public event API
2026-11-08,Eliteserien,Kristiansund BK,Vålerenga,https://a.espncdn.com/i/teamlogos/soccer/500/6672.png,https://a.espncdn.com/i/teamlogos/soccer/500/2791.png,3-2-6,4-2-5,,,,ESPN public event API,Waiting for odds,https://site.api.espn.com/apis/site/v2/sports/soccer/nor.1/scoreboard?dates=20260515-20261125&limit=300,,401843480,2026-11-08T16:00Z,ESPN public event API
2026-11-08,Eliteserien,Lillestrom,Aalesund,https://a.espncdn.com/i/teamlogos/soccer/500/987.png,https://a.espncdn.com/i/teamlogos/soccer/500/3278.png,6-1-4,2-5-4,,,,ESPN public event API,Waiting for odds,https://site.api.espn.com/apis/site/v2/sports/soccer/nor.1/scoreboard?dates=20260515-20261125&limit=300,,401843479,2026-11-08T16:00Z,ESPN public event API
2026-11-08,Eliteserien,Rosenborg,IK Start,https://a.espncdn.com/i/teamlogos/soccer/500/438.png,,2-3-6,1-4-7,,,,ESPN public event API,Waiting for odds,https://site.api.espn.com/apis/site/v2/sports/soccer/nor.1/scoreboard?dates=20260515-20261125&limit=300,,401843478,2026-11-08T16:00Z,ESPN public event API
2026-11-08,Eliteserien,Sandefjord,Molde,https://a.espncdn.com/i/teamlogos/soccer/500/3279.png,https://a.espncdn.com/i/teamlogos/soccer/500/2715.png,4-2-4,5-1-4,,,,ESPN public event API,Waiting for odds,https://site.api.espn.com/apis/site/v2/sports/soccer/nor.1/scoreboard?dates=20260515-20261125&limit=300,,401843477,2026-11-08T16:00Z,ESPN public event API
2026-11-08,Eliteserien,Tromso,Bodo/Glimt,https://a.espncdn.com/i/teamlogos/soccer/500/5270.png,https://a.espncdn.com/i/teamlogos/soccer/500/2980.png,7-4-2,7-2-2,,,,ESPN public event API,Waiting for odds,https://site.api.espn.com/apis/site/v2/sports/soccer/nor.1/scoreboard?dates=20260515-20261125&limit=300,,401843476,2026-11-08T16:00Z,ESPN public event API
2026-11-08,Eliteserien,Viking FK,KFUM Oslo,https://a.espncdn.com/i/teamlogos/soccer/500/510.png,https://a.espncdn.com/i/teamlogos/soccer/500/22165.png,9-0-1,3-3-5,,,,ESPN public event API,Waiting for odds,https://site.api.espn.com/apis/site/v2/sports/soccer/nor.1/scoreboard?dates=20260515-20261125&limit=300,,401843482,2026-11-08T16:00Z,ESPN public event API
2026-11-22,Allsvenskan,AIK,Degerfors IF,https://a.espncdn.com/i/teamlogos/soccer/500/994.png,https://a.espncdn.com/i/teamlogos/soccer/500/20856.png,3-3-3,2-3-4,,,,ESPN public event API,Waiting for odds,https://site.api.espn.com/apis/site/v2/sports/soccer/swe.1/scoreboard?dates=20260515-20261125&limit=300,,401842882,2026-11-22T05:00Z,ESPN public event API
2026-11-22,Allsvenskan,BK Häcken,IF Elfsborg,https://a.espncdn.com/i/teamlogos/soccer/500/7834.png,https://a.espncdn.com/i/teamlogos/soccer/500/529.png,4-5-0,4-6-1,,,,ESPN public event API,Waiting for odds,https://site.api.espn.com/apis/site/v2/sports/soccer/swe.1/scoreboard?dates=20260515-20261125&limit=300,,401842887,2026-11-22T05:00Z,ESPN public event API
2026-11-22,Allsvenskan,GAIS,Västerås SK,https://a.espncdn.com/i/teamlogos/soccer/500/8222.png,https://a.espncdn.com/i/teamlogos/soccer/500/22163.png,3-3-4,3-3-3,,,,ESPN public event API,Waiting for odds,https://site.api.espn.com/apis/site/v2/sports/soccer/swe.1/scoreboard?dates=20260515-20261125&limit=300,,401842889,2026-11-22T05:00Z,ESPN public event API
2026-11-22,Allsvenskan,Hammarby IF,IFK Göteborg,https://a.espncdn.com/i/teamlogos/soccer/500/2495.png,https://a.espncdn.com/i/teamlogos/soccer/500/2556.png,5-2-3,1-4-4,,,,ESPN public event API,Waiting for odds,https://site.api.espn.com/apis/site/v2/sports/soccer/swe.1/scoreboard?dates=20260515-20261125&limit=300,,401842888,2026-11-22T05:00Z,ESPN public event API
2026-11-22,Allsvenskan,IF Brommapojkarna,Halmstads BK,https://a.espncdn.com/i/teamlogos/soccer/500/8221.png,https://a.espncdn.com/i/teamlogos/soccer/500/3017.png,4-2-3,1-3-5,,,,ESPN public event API,Waiting for odds,https://site.api.espn.com/apis/site/v2/sports/soccer/swe.1/scoreboard?dates=20260515-20261125&limit=300,,401842883,2026-11-22T05:00Z,ESPN public event API
2026-11-22,Allsvenskan,IK Sirius,Djurgården,https://a.espncdn.com/i/teamlogos/soccer/500/8547.png,https://a.espncdn.com/i/teamlogos/soccer/500/2339.png,8-1-0,4-1-4,,,,ESPN public event API,Waiting for odds,https://site.api.espn.com/apis/site/v2/sports/soccer/swe.1/scoreboard?dates=20260515-20261125&limit=300,,401842885,2026-11-22T05:00Z,ESPN public event API
2026-11-22,Allsvenskan,Mjällby AIF,Malmö FF,https://a.espncdn.com/i/teamlogos/soccer/500/20301.png,https://a.espncdn.com/i/teamlogos/soccer/500/2720.png,4-3-3,3-1-5,,,,ESPN public event API,Waiting for odds,https://site.api.espn.com/apis/site/v2/sports/soccer/swe.1/scoreboard?dates=20260515-20261125&limit=300,,401842886,2026-11-22T05:00Z,ESPN public event API
2026-11-22,Allsvenskan,Örgryte IS,Kalmar FF,https://a.espncdn.com/i/teamlogos/soccer/500/131552.png,https://a.espncdn.com/i/teamlogos/soccer/500/3052.png,1-3-6,3-1-5,,,,ESPN public event API,Waiting for odds,https://site.api.espn.com/apis/site/v2/sports/soccer/swe.1/scoreboard?dates=20260515-20261125&limit=300,,401842884,2026-11-22T05:00Z,ESPN public event API
2026-11-22,Eliteserien,Aalesund,Rosenborg,https://a.espncdn.com/i/teamlogos/soccer/500/3278.png,https://a.espncdn.com/i/teamlogos/soccer/500/438.png,2-5-4,2-3-6,,,,ESPN public event API,Waiting for odds,https://site.api.espn.com/apis/site/v2/sports/soccer/nor.1/scoreboard?dates=20260515-20261125&limit=300,,401843490,2026-11-22T16:00Z,ESPN public event API
2026-11-22,Eliteserien,Hamarkameratene,Fredrikstad,https://a.espncdn.com/i/teamlogos/soccer/500/21380.png,https://a.espncdn.com/i/teamlogos/soccer/500/3039.png,5-2-3,4-2-5,,,,ESPN public event API,Waiting for odds,https://site.api.espn.com/apis/site/v2/sports/soccer/nor.1/scoreboard?dates=20260515-20261125&limit=300,,401843489,2026-11-22T16:00Z,ESPN public event API
2026-11-22,Eliteserien,KFUM Oslo,SK Brann,https://a.espncdn.com/i/teamlogos/soccer/500/22165.png,https://a.espncdn.com/i/teamlogos/soccer/500/620.png,3-3-5,4-1-7,,,,ESPN public event API,Waiting for odds,https://site.api.espn.com/apis/site/v2/sports/soccer/nor.1/scoreboard?dates=20260515-20261125&limit=300,,401843488,2026-11-22T16:00Z,ESPN public event API
2026-11-22,Eliteserien,Kristiansund BK,Sandefjord,https://a.espncdn.com/i/teamlogos/soccer/500/6672.png,https://a.espncdn.com/i/teamlogos/soccer/500/3279.png,3-2-6,4-2-4,,,,ESPN public event API,Waiting for odds,https://site.api.espn.com/apis/site/v2/sports/soccer/nor.1/scoreboard?dates=20260515-20261125&limit=300,,401843487,2026-11-22T16:00Z,ESPN public event API
2026-11-22,Eliteserien,Molde,Bodo/Glimt,https://a.espncdn.com/i/teamlogos/soccer/500/2715.png,https://a.espncdn.com/i/teamlogos/soccer/500/2980.png,5-1-4,7-2-2,,,,ESPN public event API,Waiting for odds,https://site.api.espn.com/apis/site/v2/sports/soccer/nor.1/scoreboard?dates=20260515-20261125&limit=300,,401843486,2026-11-22T16:00Z,ESPN public event API
2026-11-22,Eliteserien,Sarpsborg FK,Lillestrom,https://a.espncdn.com/i/teamlogos/soccer/500/5002.png,https://a.espncdn.com/i/teamlogos/soccer/500/987.png,4-2-5,6-1-4,,,,ESPN public event API,Waiting for odds,https://site.api.espn.com/apis/site/v2/sports/soccer/nor.1/scoreboard?dates=20260515-20261125&limit=300,,401843484,2026-11-22T16:00Z,ESPN public event API
2026-11-22,Eliteserien,Tromso,Viking FK,https://a.espncdn.com/i/teamlogos/soccer/500/5270.png,https://a.espncdn.com/i/teamlogos/soccer/500/510.png,7-4-2,9-0-1,,,,ESPN public event API,Waiting for odds,https://site.api.espn.com/apis/site/v2/sports/soccer/nor.1/scoreboard?dates=20260515-20261125&limit=300,,401843483,2026-11-22T16:00Z,ESPN public event API
2026-11-22,Eliteserien,Vålerenga,IK Start,https://a.espncdn.com/i/teamlogos/soccer/500/2791.png,,4-2-5,1-4-7,,,,ESPN public event API,Waiting for odds,https://site.api.espn.com/apis/site/v2/sports/soccer/nor.1/scoreboard?dates=20260515-20261125&limit=300,,401843485,2026-11-22T16:00Z,ESPN public event API
